Company,Price,Price Extended Hours,P/E,Market Cap,Ticker,Open,Previous Close,52 Wk High,52 Wk Low,Industry,Shares Outstanding,Volume,Volume Average,Change,Change %,Change % Extended Hours,Change Extended Hours,Date
,134.33,135.46,14.0839,76441668604.0,MMM,135.76,135.25,203.21,133.06,Consumer Goods Conglomerates,569058800.0,3271129.0,2722817.0,-0.92,-0.006802,0.008412,1.13,2022-06-24
,116.47,116.47,27.9759,34790532407.0,A,117.24,116.01,179.57,112.64,Healthcare Equipment & Supplies,298708100.0,1886299.0,1837530.0,0.46,0.003965,0.0,0.0,2022-06-24
,13.31,13.54,3.3196,8645041988.0,AAL,13.07,12.95,23.13,12.4401,Passenger Transportation Services,649514800.0,49703423.0,33490665.0,0.36,0.027799,0.01728,0.23,2022-06-24
,172.29,172.36,19.0482,10447636310.0,AAP,172.12,171.48,244.55,169.0,Specialty Retailers,60639830.0,859151.0,949224.0,0.81,0.004724,0.0004063,0.07,2022-06-24
,135.43,136.5,21.5796,2191958927400.0,AAPL,134.29,132.76,182.94,128.461,"Computers, Phones & Household Electronics",16185180000.0,91532972.0,99965083.0,2.67,0.020111,0.007901,1.07,2022-06-24
,138.09,138.7,19.7392,244020219900.0,ABBV,136.57,137.62,175.91,105.56,Pharmaceuticals,1767110000.0,5981766.0,6203628.0,0.47,0.003415,0.004417,0.61,2022-06-24
,142.31,142.31,17.2496,29808836071.0,ABC,141.28,141.21,167.19,111.34,Healthcare Equipment & Supplies,209464100.0,1309539.0,1754822.0,1.1,0.00779,0.0,0.0,2022-06-24
,232.35,230.28,77.4789,10464210000.0,ABMD,229.27,229.66,379.295,226.46,Healthcare Equipment & Supplies,45563940.0,390532.0,319304.0,2.69,0.011713,-0.008909,-2.07,2022-06-24
,104.8,105.0,23.7634,183498721600.0,ABT,104.32,102.94,142.6,101.9501,Healthcare Equipment & Supplies,1750942000.0,5278086.0,5480145.0,1.86,0.018068999999999998,0.001908,0.2,2022-06-24
,281.19,283.1399,27.7268,186269900817.0,ACN,276.98,275.12,417.37,268.17,Software & IT Services,662434300.0,2536026.0,2240391.0,6.07,0.022063000000000003,0.006934,1.9499,2022-06-24
,376.92,381.0,36.8294,178094700000.0,ADBE,376.03,370.82,699.54,367.31,Software & IT Services,472500000.0,3664477.0,3266274.0,6.1,0.01645,0.010825,4.08,2022-06-24
,150.08,149.6,41.7457,78012484480.0,ADI,149.17,147.17,191.95,143.81,Semiconductors & Semiconductor Equipment,519806000.0,3263391.0,3536685.0,2.91,0.019773,-0.003198,-0.48,2022-06-24
,82.28,82.36,15.2599,46299597784.0,ADM,83.2,82.67,98.88,56.9101,Food & Tobacco,562707800.0,3131792.0,3487208.0,-0.39,-0.004718,0.0009722999999999999,0.08,2022-06-24
,207.15,207.78,30.1418,86536332480.0,ADP,205.98,204.13,248.96,192.18,Software & IT Services,417747200.0,1784714.0,1736058.0,3.02,0.014794,0.003041,0.63,2022-06-24
,176.71,177.89,77.8684,38394170462.0,ADSK,174.57,171.59,344.39,170.06,Software & IT Services,217272200.0,1911715.0,1876835.0,5.12,0.029839,0.006678,1.18,2022-06-24
,83.26,83.91,21.3357,21499938390.0,AEE,83.85,83.3,99.2,79.35,Multiline Utilities,258226500.0,1263870.0,1590109.0,-0.04,-0.0004802,0.007807,0.65,2022-06-24
,90.65,91.25,17.3518,46552781730.0,AEP,91.11,90.44,104.81,80.22,Electrical Utilities & IPPs,513544200.0,3954880.0,2623332.0,0.21,0.002322,0.006619000000000001,0.6,2022-06-24
,19.55,19.83,0.0,13056657135.0,AES,19.21,18.91,27.0,18.62,Electrical Utilities & IPPs,667859700.0,8139553.0,4961252.0,0.64,0.033845,0.014322,0.28,2022-06-24
,54.23,54.61,8.8138,34933046258.0,AFL,54.22,53.71,67.2,51.28,Insurance,644164600.0,2650810.0,2804464.0,0.52,0.009682,0.007007,0.38,2022-06-24
,52.05,52.4899,4.4598,41209830000.0,AIG,52.52,51.7,65.73,44.54,Insurance,792192000.0,6844727.0,5554208.0,0.35,0.006770000000000001,0.008451,0.4399,2022-06-24
,173.24,173.24,16.9761,9369699259.0,AIZ,177.19,176.01,194.12,144.18,Insurance,54085080.0,497680.0,520300.0,-2.77,-0.015738000000000002,0.0,0.0,2022-06-24
,152.75,152.75,33.6205,32087887000.0,AJG,155.0,153.23,187.02,135.5,Insurance,210068000.0,895034.0,864661.0,-0.48,-0.0031330000000000004,0.0,0.0,2022-06-24
,91.04,91.05,24.0152,14594185408.0,AKAM,90.59,89.3,123.25,87.01,Software & IT Services,160305200.0,1662508.0,1744312.0,1.74,0.019485,0.0001098,0.01,2022-06-24
,215.08,217.86,93.8973,25188599516.0,ALB,225.8,223.33,291.48,157.82,Chemicals,117112700.0,1951835.0,1470738.0,-8.25,-0.036941,0.012924999999999999,2.78,2022-06-24
,243.78,244.97,26.8198,19211216979.0,ALGN,240.99,238.08,737.452,235.55,Healthcare Equipment & Supplies,78805550.0,1396205.0,1094931.0,5.7,0.023942,0.004881,1.19,2022-06-24
,41.18,41.64,11.431,5192460324.0,ALK,41.18,40.6,65.16,39.92,Passenger Transportation Services,126091800.0,1779588.0,1828529.0,0.58,0.014286,0.01117,0.46,2022-06-24
,121.67,121.67,10.8845,33457181610.0,ALL,122.85,121.99,144.46,106.11,Insurance,274983000.0,1661404.0,1725470.0,-0.32,-0.002623,0.0,0.0,2022-06-24
,100.69,101.88,19.3105,8892004000.0,ALLE,101.33,100.86,148.695,99.45,Communications & Networking,87804920.0,726210.0,704227.0,-0.17,-0.001686,0.011818,1.19,2022-06-24
,97.42,98.79,12.8928,84750265966.0,AMAT,97.85,96.62,167.06,95.39,Semiconductors & Semiconductor Equipment,869947300.0,9377192.0,7870794.0,0.8,0.00828,0.014063,1.37,2022-06-24
,12.1,12.18,19.4501,18183480700.0,AMCR,12.22,12.09,13.605,10.6636,Containers & Packaging,1502767000.0,12427269.0,12135100.0,0.01,0.0008271000000000001,0.006612,0.08,2022-06-24
,89.3,90.15,32.4522,144711364400.0,AMD,87.9,86.99,164.4599,78.96,Semiconductors & Semiconductor Equipment,1620508000.0,95774807.0,119623296.0,2.31,0.026555,0.009518,0.85,2022-06-24
,112.28,112.28,24.8677,25926574800.0,AME,112.36,111.34,148.07,110.15,"Machinery, Equipment & Components",230910000.0,914367.0,1091538.0,0.94,0.008443,0.0,0.0,2022-06-24
,235.58,236.0,23.2066,125846836000.0,AMGN,236.53,235.7,258.45,198.64,Pharmaceuticals,534200000.0,3076707.0,3110320.0,-0.12,-0.0005091,0.0017829999999999999,0.42,2022-06-24
,246.48,246.48,9.3306,27089261160.0,AMP,246.18,243.07,332.37,236.35,Investment Banking & Investment Services,109904500.0,534569.0,636207.0,3.41,0.014029,0.0,0.0,2022-06-24
,241.4,241.2,40.5679,112177952360.0,AMT,235.4,234.49,303.72,220.0,Residential & Commercial REIT,464697400.0,2076667.0,2362184.0,6.91,0.029468,-0.0008284999999999999,-0.2,2022-06-24
,107.67,109.35,49.4741,1095478724700.0,AMZN,103.86,102.31,188.6539,101.26,Diversified Retail,10174410000.0,85011060.0,98301038.0,5.36,0.05239,0.015603,1.68,2022-06-24
,92.87,93.5,31.4964,28628431245.0,ANET,93.5,91.93,148.57,85.18,Communications & Networking,308263500.0,1504246.0,2043351.0,0.94,0.010225,0.006784,0.63,2022-06-24
,238.75,238.75,44.6593,20768891150.0,ANSS,234.34,229.76,413.89,227.29,Software & IT Services,86990120.0,546347.0,540903.0,8.99,0.039127999999999996,0.0,0.0,2022-06-24
,462.88,462.88,18.1285,110995400000.0,ANTM,463.24,460.4,533.68,355.4333,Healthcare Providers & Services,241084800.0,961278.0,1155411.0,2.48,0.005386999999999999,0.0,0.0,2022-06-24
,253.13,250.22,39.8846,53760736607.0,AON,254.66,251.13,341.98,223.19,Insurance,212383900.0,896671.0,987443.0,2.0,0.007964,-0.011496,-2.91,2022-06-24
,56.04,56.04,17.4872,8742626676.0,AOS,55.84,55.64,86.737,55.18,"Machinery, Equipment & Components",156006900.0,761789.0,935378.0,0.4,0.007189,0.0,0.0,2022-06-24
,45.63,45.86,6.5579,15433544412.0,APA,46.065,46.0,51.95,15.545,Oil & Gas,338232400.0,7478040.0,9485002.0,-0.37,-0.008043,0.005041,0.23,2022-06-24
,239.29,244.1,24.4759,53068132957.0,APD,241.52,239.22,316.39,216.24,Chemicals,221773300.0,1085823.0,1101529.0,0.07,0.0002926,0.020101,4.81,2022-06-24
,66.12,66.12,24.6272,39482797620.0,APH,66.15,65.53,88.4499,64.96,Electronic Equipment & Parts,597138500.0,2097852.0,2265640.0,0.59,0.009004,0.0,0.0,2022-06-24
,95.46,95.46,80.0837,25863063714.0,APTV,96.65,94.92,180.81,88.15,Automobiles & Auto Parts,270930900.0,3937902.0,2006459.0,0.54,0.005689,0.0,0.0,2022-06-24
,135.73,138.27,48.5784,22153565567.0,ARE,136.98,135.37,224.95,134.37,Residential & Commercial REIT,163217900.0,1364550.0,1097061.0,0.36,0.0026590000000000003,0.018713999999999998,2.54,2022-06-24
,106.09,106.0703,19.7474,14748101350.0,ATO,106.17,105.54,122.955,85.8,Natural Gas Utilities,139015000.0,982495.0,999220.0,0.55,0.005211,-0.0001857,-0.0197,2022-06-24
,75.35,75.69,23.6443,58914771024.0,ATVI,75.13,74.64,98.99,56.4,Software & IT Services,781881500.0,5679467.0,4512463.0,0.71,0.009512,0.0045119999999999995,0.34,2022-06-24
,187.58,187.58,23.075,26227097956.0,AVB,186.81,185.19,259.05,184.26,Residential & Commercial REIT,139818200.0,628486.0,784676.0,2.39,0.012905999999999999,0.0,0.0,2022-06-24
,526.71,530.93,25.7719,212694820767.0,AVGO,529.15,520.17,677.76,455.71,Semiconductors & Semiconductor Equipment,403817700.0,1914054.0,2720658.0,6.54,0.012573,0.008012,4.22,2022-06-24
,161.1,161.1,18.4528,13163350000.0,AVY,162.32,161.09,229.24,156.51,Containers & Packaging,81714290.0,504492.0,555389.0,0.01,6.208e-05,0.0,0.0,2022-06-24
,135.02,135.02,18.8599,24540330566.0,AWK,134.69,133.47,189.65,132.16,Water Utilities,181753300.0,1061871.0,960417.0,1.55,0.011613,0.0,0.0,2022-06-24
,146.22,146.78,14.4844,110112477066.0,AXP,146.69,144.6,199.55,143.25,Banking Services,753060300.0,3327823.0,2858213.0,1.62,0.011203000000000001,0.00383,0.56,2022-06-24
,2013.81,2018.0,18.1254,39244323756.0,AZO,2028.0,2033.58,2267.4,1374.13,Specialty Retailers,19487600.0,173056.0,209007.0,-19.77,-0.009722,0.002081,4.19,2022-06-24
,133.72,136.9,0.0,79113539176.0,BA,124.35,122.16,252.3,113.02,Aerospace & Defense,591635800.0,25997847.0,10700162.0,11.56,0.09462999999999999,0.023781,3.18,2022-06-24
,32.05,32.47,8.9768,258223036049.0,BAC,31.98,31.46,50.11,31.225,Banking Services,8056881000.0,51540135.0,48485941.0,0.59,0.018754,0.013105,0.42,2022-06-24
,67.83,69.46,32.3557,34154351721.0,BAX,67.84,67.48,89.7,66.91,Healthcare Equipment & Supplies,503528700.0,3746231.0,2663644.0,0.35,0.005187000000000001,0.024030999999999997,1.63,2022-06-24
,34.0,34.0,6.6875,7777010400.0,BBWI,33.08,32.8,82.0,32.09,Specialty Retailers,228735600.0,5991633.0,6773070.0,1.2,0.036585,0.0,0.0,2022-06-24
,71.76,72.37,7.8269,16158084384.0,BBY,70.84,70.59,141.97,68.62,Specialty Retailers,225168400.0,3347757.0,4683550.0,1.17,0.016575,0.008501,0.61,2022-06-24
,236.79,236.79,37.2653,67500446634.0,BDX,237.3,236.32,277.29,229.2376,Healthcare Equipment & Supplies,285064600.0,912131.0,1032082.0,0.47,0.001989,0.0,0.0,2022-06-24
,23.78,24.4,6.1948,11888197476.0,BEN,23.37,23.08,38.27,22.885,Investment Banking & Investment Services,499924200.0,2965543.0,2692422.0,0.7,0.030329000000000002,0.026072,0.62,2022-06-24
,67.09,67.08,37.4483,30636230000.0,BF.B,66.42,65.16,74.8962,60.23,Beverages,478970800.0,896095.0,1031634.0,1.93,0.029619,-0.0001491,-0.01,2022-06-24
,197.26,194.96,19.8998,28889121520.0,BIIB,196.17,194.18,410.405,187.16,Pharmaceuticals,146452000.0,760208.0,1064511.0,3.08,0.015862,-0.011659999999999998,-2.3,2022-06-24
,480.44,480.44,2.1321,14404960000.0,BIO,475.8,469.96,832.7,465.85,Healthcare Equipment & Supplies,29941610.0,149097.0,204483.0,10.48,0.0223,0.0,0.0,2022-06-24
,41.87,42.05,10.0579,33822510633.0,BK,41.29,40.6,64.63,40.26,Investment Banking & Investment Services,807798200.0,6117035.0,4379255.0,1.27,0.031280999999999996,0.004299,0.18,2022-06-24
,1973.24,1999.0,157.8253,80159441562.0,BKNG,1992.9,1951.51,2715.66,1796.45,Hotels & Entertainment Services,40623260.0,380353.0,381838.0,21.73,0.011134999999999999,0.013055,25.76,2022-06-24
,31.74,31.88,99.5225,32538800580.0,BKR,33.19,32.93,39.78,19.23,Oil & Gas Related Equipment and Services,1025167000.0,13069199.0,9326075.0,-1.19,-0.036137,0.004411,0.14,2022-06-24
,599.9,629.58,14.8538,90886829670.0,BLK,598.42,591.23,973.16,582.58,Investment Banking & Investment Services,151503300.0,922789.0,1161139.0,8.67,0.014664,0.049475,29.68,2022-06-24
,66.27,67.68,19.6511,21192410403.0,BALL,67.43,66.5,98.09,64.32,Containers & Packaging,319788900.0,2619805.0,2258740.0,-0.23,-0.003459,0.021277,1.41,2022-06-24
,73.02,73.22,25.8589,155464253280.0,BMY,73.16,72.87,78.615,53.22,Pharmaceuticals,2129064000.0,14264612.0,14053590.0,0.15,0.002058,0.0027389999999999997,0.2,2022-06-24
,137.95,137.95,28.8477,16171437059.0,BR,135.32,134.42,185.4,132.68,Professional & Commercial Services,117226800.0,675130.0,407224.0,3.53,0.026261,0.0,0.0,2022-06-24
,278.93,281.8,6.9759,611971300000.0,BRK.B,281.16,277.64,362.1,270.73,Consumer Goods Conglomerates,1470870.0,5827037.0,4281323.0,1.29,0.004646,0.010289,2.87,2022-06-24
,54.94,55.06,25.3355,15508073126.0,BRO,55.34,54.66,74.0,51.58,Insurance,282272900.0,1086085.0,2155721.0,0.28,0.005123,0.002184,0.12,2022-06-24
,36.03,37.29,67.0829,51507443130.0,BSX,36.1,35.24,47.495,35.085,Healthcare Equipment & Supplies,1429571000.0,13548222.0,8404055.0,0.79,0.022418,0.034971,1.26,2022-06-24
,35.78,35.78,12.4977,8571989922.0,BWA,35.5,35.06,52.52,34.81,Automobiles & Auto Parts,239574900.0,1974881.0,2079465.0,0.72,0.020536,0.0,0.0,2022-06-24
,92.04,92.29,25.9204,14423790888.0,BXP,91.72,90.64,133.11,89.94,Residential & Commercial REIT,156712200.0,1037047.0,905913.0,1.4,0.015446,0.002716,0.25,2022-06-24
,47.58,48.08,5.4187,92396601180.0,C,46.47,45.96,75.34,45.395,Banking Services,1941921000.0,30001539.0,24906927.0,1.62,0.035248,0.010509,0.5,2022-06-24
,31.98,31.8,14.7722,15346408896.0,CAG,31.93,31.8,37.61,30.06,Food & Tobacco,479875200.0,4491670.0,4000562.0,0.18,0.005659999999999999,-0.0056289999999999995,-0.18,2022-06-24
,51.04,51.04,31.6466,13904694496.0,CAH,51.29,51.11,64.53,45.85,Food & Drug Retailing,272427400.0,2255115.0,2187944.0,-0.07,-0.0013700000000000001,0.0,0.0,2022-06-24
,36.77,37.0,11.9216,31189850986.0,CARR,36.33,35.94,58.89,35.77,"Machinery, Equipment & Components",848241800.0,4040303.0,4611435.0,0.83,0.023094,0.006254999999999999,0.23,2022-06-24
,206.0,206.78,17.4366,110243200000.0,CAT,207.48,206.69,237.9,179.67,"Machinery, Equipment & Components",533374400.0,2343231.0,2842567.0,-0.69,-0.003338,0.003786,0.78,2022-06-24
,199.28,200.73,10.5424,84437207792.0,CB,200.62,197.94,218.985,155.78,Insurance,423711400.0,2428807.0,1764236.0,1.34,0.006770000000000001,0.007276,1.45,2022-06-24
,109.72,108.3,23.0231,11651013192.0,CBOE,109.05,107.52,138.9994,103.8197,Investment Banking & Investment Services,106188600.0,593353.0,573837.0,2.2,0.020461,-0.012942,-1.42,2022-06-24
,71.4,71.4,12.1979,23337846840.0,CBRE,71.51,70.58,111.0,69.44,Real Estate Operations,326860600.0,2976536.0,2206877.0,0.82,0.011618,0.0,0.0,2022-06-24
,160.25,160.25,46.9059,69393329925.0,CCI,160.35,157.92,209.865,157.16,Residential & Commercial REIT,433031700.0,2949834.0,1703565.0,2.33,0.014754,0.0,0.0,2022-06-24
,9.84,10.09,0.0,10706000000.0,CCL,9.64,9.52,29.72,9.4101,Hotels & Entertainment Services,1135783000.0,67274103.0,43059076.0,0.32,0.033613,0.025407000000000002,0.25,2022-06-24
,47.21,47.21,0.0,7206361008.0,CDAY,45.99,45.16,130.37,44.81,Software & IT Services,152644800.0,2246155.0,1947977.0,2.05,0.045394,0.0,0.0,2022-06-24
,147.72,149.98,53.5535,40735119480.0,CDNS,145.2,143.39,192.7,126.73,Software & IT Services,275759000.0,1647588.0,1496417.0,4.33,0.030196999999999998,0.015299,2.26,2022-06-24
,163.85,164.0,22.8458,22138707445.0,CDW,163.38,162.5,208.705,155.3925,Software & IT Services,135115700.0,582588.0,820283.0,1.35,0.008308,0.0009155000000000001,0.15,2022-06-24
,134.38,134.065,7.2145,14554549982.0,CE,137.52,136.21,176.5,131.59,Chemicals,108308900.0,1441296.0,857923.0,-1.83,-0.013434999999999999,-0.002344,-0.315,2022-06-24
,94.92,,47.8218,27915791652.0,CERN,94.98,94.97,95.4,69.08,Healthcare Equipment & Supplies,294098100.0,38200339.0,4996127.0,-0.05,-0.0005265000000000001,,,2022-06-24
,92.07,92.97,12.0298,19205958519.0,CF,92.46,93.25,113.485,43.185,Chemicals,208601700.0,4799890.0,3458630.0,-1.18,-0.012654,0.009775,0.9,2022-06-24
,36.29,37.76,7.5618,17979735340.0,CFG,36.13,35.66,57.0,35.11,Banking Services,495446000.0,6990653.0,5261686.0,0.63,0.017667,0.040507,1.47,2022-06-24
,81.5,79.46,25.155,19785844650.0,CHD,82.64,82.0,105.28,80.76,Personal & Household Products & Services,242771100.0,2125749.0,1419879.0,-0.5,-0.006098,-0.025030999999999998,-2.04,2022-06-24
,103.14,102.45,15.0086,13126235868.0,CHRW,105.92,106.35,115.99,84.67,Freight & Logistics Services,127266200.0,1765451.0,1294247.0,-3.21,-0.030183,-0.006690000000000001,-0.69,2022-06-24
,449.0,454.64,16.3638,85980222300.0,CHTR,457.65,451.97,825.62,410.33,Telecommunications Services,191492700.0,2834058.0,1206457.0,-2.97,-0.0065710000000000005,0.012561,5.64,2022-06-24
,247.1,247.5,15.239,78398257140.0,CI,247.05,245.71,273.575,191.74,Healthcare Providers & Services,317273400.0,1643374.0,1727226.0,1.39,0.005657,0.0016189999999999998,0.4,2022-06-24
,117.52,118.33,9.2364,18844954856.0,CINF,118.35,116.42,143.22,108.88,Insurance,160355300.0,548063.0,497919.0,1.1,0.009448999999999999,0.0068920000000000006,0.81,2022-06-24
,74.16,74.26,30.7645,62141771304.0,CL,74.38,74.27,85.61,72.2,Personal & Household Products & Services,837941900.0,6023438.0,4518415.0,-0.11,-0.0014810000000000001,0.001348,0.1,2022-06-24
,123.13,123.13,33.7975,15154840400.0,CLX,124.22,124.64,191.75,120.78,Personal & Household Products & Services,123080000.0,1872928.0,1283130.0,-1.51,-0.012115,0.0,0.0,2022-06-24
,76.34,76.72,10.3251,9982241302.0,CMA,75.49,74.84,102.09,63.07,Banking Services,130760300.0,1699960.0,1358018.0,1.5,0.020043000000000002,0.004978,0.38,2022-06-24
,40.13,40.28,12.8016,179783001950.0,CMCSA,40.33,39.84,61.8,39.47,Media & Publishing,4480015000.0,31516196.0,22705350.0,0.29,0.007279,0.003738,0.15,2022-06-24
,200.88,200.88,25.6677,72199928016.0,CME,197.5,196.11,256.94,183.1527,Investment Banking & Investment Services,359418200.0,1434573.0,1731312.0,4.77,0.024323,0.0,0.0,2022-06-24
,1266.16,1272.99,50.0545,35404935692.0,CMG,1233.56,1204.01,1958.545,1196.28,Hotels & Entertainment Services,27962450.0,312932.0,253870.0,62.15,0.051619,0.0053939999999999995,6.83,2022-06-24
,199.16,200.17,14.6274,28101037848.0,CMI,197.61,196.61,250.42,187.72,Automobiles & Auto Parts,141097800.0,707055.0,869442.0,2.55,0.012969999999999999,0.005071,1.01,2022-06-24
,62.66,62.66,24.8507,18179489406.0,CMS,62.83,62.52,73.76,57.92,Multiline Utilities,290129100.0,2516179.0,1883875.0,0.14,0.0022389999999999997,0.0,0.0,2022-06-24
,77.46,77.16,30.2433,45305347020.0,CNC,76.98,76.23,89.92,59.67,Healthcare Providers & Services,584887000.0,3449471.0,2667480.0,1.23,0.016135,-0.0038729999999999997,-0.3,2022-06-24
,28.12,27.8,19.1853,17700100256.0,CNP,27.85,27.6,33.0,24.225,Multiline Utilities,629448800.0,5867748.0,4695847.0,0.52,0.018841,-0.01138,-0.32,2022-06-24
,108.17,109.4,4.1898,42516294219.0,COF,108.71,106.58,177.95,105.54,Banking Services,393050700.0,3081565.0,2630764.0,1.59,0.014918,0.011371,1.23,2022-06-24
,315.34,315.34,16.5537,15557768756.0,COO,318.25,314.92,463.59,309.43,Healthcare Equipment & Supplies,49336490.0,284616.0,394323.0,0.42,0.001334,0.0,0.0,2022-06-24
,109.33,110.0,11.4708,141412888500.0,COP,111.49,111.49,124.08,51.41,Oil & Gas,1293450000.0,7681383.0,7512816.0,-2.16,-0.019374,0.006128,0.67,2022-06-24
,458.79,464.3,35.8202,201459500000.0,COST,458.5,454.8,612.27,377.12,Diversified Retail,442963000.0,2250190.0,3572442.0,3.99,0.008773,0.01201,5.51,2022-06-24
,45.31,45.2,14.5276,13619080436.0,CPB,45.51,45.44,51.94,39.76,Food & Tobacco,300575600.0,2610478.0,2830733.0,-0.13,-0.0028610000000000003,-0.002428,-0.11,2022-06-24
,106.45,106.77,23.0618,25300248270.0,CPRT,105.99,103.59,161.12,103.54,Specialty Retailers,237672600.0,1208185.0,1266720.0,2.86,0.027608999999999998,0.003006,0.32,2022-06-24
,212.89,212.89,25.5282,10815846645.0,CRL,214.77,209.5,460.21,203.37,Biotechnology & Medical Research,50804860.0,489484.0,509814.0,3.39,0.016181,0.0,0.0,2022-06-24
,168.55,169.85,159.6245,167707250000.0,CRM,166.73,164.45,311.75,154.55,Software & IT Services,995000000.0,7740676.0,9700505.0,4.1,0.024932,0.007713,1.3,2022-06-24
,43.8,44.01,15.0552,181374223200.0,CSCO,43.37,42.91,64.285,41.02,Communications & Networking,4140964000.0,22525083.0,28277602.0,0.89,0.020741,0.004795,0.21,2022-06-24
,29.42,29.13,16.6653,63966729200.0,CSX,29.68,29.34,38.63,28.98,Freight & Logistics Services,2174260000.0,15410973.0,18329838.0,0.08,0.002727,-0.009857,-0.29,2022-06-24
,354.84,354.91,31.1648,36308967516.0,CTAS,359.07,352.44,461.44,348.23,Professional & Commercial Services,102324900.0,784269.0,528848.0,2.4,0.00681,0.0001973,0.07,2022-06-24
,104.96,104.96,37.5242,18810217472.0,CTLT,105.68,104.29,142.64,86.34,Pharmaceuticals,179213200.0,880177.0,1071043.0,0.67,0.006424,0.0,0.0,2022-06-24
,30.67,31.0,14.6184,24714045484.0,CTRA,31.26,31.11,36.55,13.9471,Oil & Gas,805805200.0,14675227.0,9971640.0,-0.44,-0.014143,0.01076,0.33,2022-06-24
,68.49,68.7,16.2867,35695193562.0,CTSH,68.54,67.87,93.468,66.19,Software & IT Services,521173800.0,2524591.0,3029243.0,0.62,0.009134999999999999,0.0030659999999999997,0.21,2022-06-24
,55.53,55.8,23.4453,40187061000.0,CTVA,56.87,56.39,64.03,40.6,Food & Tobacco,723700000.0,4482706.0,4961501.0,-0.86,-0.015250999999999999,0.004862,0.27,2022-06-24
,92.71,92.9,42.1519,11735222529.0,CTXS,92.72,92.41,121.2,78.07,Software & IT Services,126579900.0,1497680.0,1154018.0,0.3,0.003246,0.002049,0.19,2022-06-24
,91.45,92.05,15.0648,118857100000.0,CVS,90.91,90.64,111.25,79.335,Healthcare Providers & Services,1311309000.0,4177149.0,4923123.0,0.81,0.008936,0.006561,0.6,2022-06-24
,164.26,165.3,15.7549,322740183380.0,CVX,166.78,167.55,182.4,92.86,Oil & Gas,1964813000.0,11565259.0,10606507.0,-3.29,-0.019636,0.006331,1.04,2022-06-24
,41.39,42.0,20.4904,8872612879.0,CZR,39.97,39.39,119.81,38.525,Hotels & Entertainment Services,214366100.0,4855678.0,4280460.0,2.0,0.050774,0.014738,0.61,2022-06-24
,74.88,74.99,26.7105,60747920064.0,D,75.14,74.6,88.78,70.37,Electrical Utilities & IPPs,811270300.0,3870930.0,3735174.0,0.28,0.0037530000000000003,0.001469,0.11,2022-06-24
,31.96,32.3,39.7618,20488213680.0,DAL,32.02,31.38,46.28,29.75,Passenger Transportation Services,641058000.0,20995206.0,13394547.0,0.58,0.018483,0.010638000000000002,0.34,2022-06-24
,60.35,60.82,22.0988,30689580310.0,DD,61.23,60.37,85.16,59.48,Chemicals,508526600.0,2253811.0,2966692.0,-0.02,-0.0003313,0.007788000000000001,0.47,2022-06-24
,330.58,332.01,17.0373,101037049706.0,DE,328.38,326.58,446.76,307.64,"Machinery, Equipment & Components",305635700.0,1442602.0,2009588.0,4.0,0.012248000000000002,0.004326,1.43,2022-06-24
,94.68,95.4,5.3707,26601775668.0,DFS,93.68,91.84,135.69,91.3,Banking Services,280965100.0,3006867.0,1887551.0,2.84,0.030923,0.007605,0.72,2022-06-24
,232.25,232.27,23.5867,52720053250.0,DG,230.2,230.02,262.205,183.25,Diversified Retail,226997000.0,1457732.0,2488865.0,2.23,0.009695,8.611e-05,0.02,2022-06-24
,128.78,128.78,8.4677,15114264700.0,DGX,127.27,127.07,174.16,125.77,Healthcare Providers & Services,117365000.0,931732.0,1009814.0,1.71,0.013456999999999998,0.0,0.0,2022-06-24
,65.44,65.8,4.7058,23036856288.0,DHI,66.32,65.72,110.45,63.68,Homebuilding & Construction Supplies,352030200.0,4831818.0,3886871.0,-0.28,-0.00426,0.005501000000000001,0.36,2022-06-24
,244.94,247.15,28.4436,178090191392.0,DHR,244.89,242.42,333.96,233.708,Healthcare Equipment & Supplies,727076800.0,2357169.0,2496888.0,2.52,0.010395000000000001,0.009023,2.21,2022-06-24
,95.88,96.58,63.7026,174643885920.0,DIS,94.61,94.22,187.5799,93.1,Media & Publishing,1821484000.0,11751580.0,13741134.0,1.66,0.017618,0.007300999999999999,0.7,2022-06-24
,18.18,18.29,5.0733,9635305464.0,DISH,17.99,17.63,46.3099,17.04,Media & Publishing,529994800.0,5029858.0,5412406.0,0.55,0.031197,0.006051,0.11,2022-06-24
,128.93,129.12,25.83,36702812532.0,DLR,126.59,124.57,178.22,124.11,Residential & Commercial REIT,284672400.0,2065785.0,1561688.0,4.36,0.035,0.001474,0.19,2022-06-24
,154.54,154.55,23.8397,34702884240.0,DLTR,155.53,156.02,177.19,84.26,Diversified Retail,224556000.0,1639764.0,3118419.0,-1.48,-0.009486,6.471e-05,0.01,2022-06-24
,124.06,126.51,16.0013,17884911404.0,DOV,124.18,123.0,184.045,122.05,"Machinery, Equipment & Components",144163400.0,666303.0,886467.0,1.06,0.008618,0.019749000000000003,2.45,2022-06-24
,57.41,57.8,6.3802,41800330079.0,DOW,59.02,58.56,71.86,52.07,Chemicals,728101900.0,6387882.0,5389566.0,-1.15,-0.019638,0.006793,0.39,2022-06-24
,385.42,385.5,28.9362,13892490879.0,DPZ,378.19,377.13,567.57,321.15,Hotels & Entertainment Services,36045070.0,471696.0,515590.0,8.29,0.021981999999999998,0.0002076,0.08,2022-06-24
,53.68,53.68,19.1056,20637549768.0,DRE,51.8,51.2,66.22,47.03,Residential & Commercial REIT,384455100.0,7347034.0,4480864.0,2.48,0.048437,0.0,0.0,2022-06-24
,116.55,118.03,14.3331,14223460000.0,DRI,114.72,114.03,164.277,111.57,Hotels & Entertainment Services,124734300.0,1443082.0,1167544.0,2.52,0.022099,0.012698000000000001,1.48,2022-06-24
,119.21,119.68,24.8139,23095650032.0,DTE,119.98,119.11,140.23,108.22,Electrical Utilities & IPPs,193739200.0,1258701.0,1037165.0,0.1,0.0008396,0.0039429999999999995,0.47,2022-06-24
,100.18,100.18,21.1362,77128632090.0,DUK,102.01,100.94,116.33,95.48,Electrical Utilities & IPPs,769900500.0,4039500.0,2961036.0,-0.76,-0.007529,0.0,0.0,2022-06-24
,90.15,91.7,10.7057,8528190000.0,DVA,90.34,89.97,136.48,88.09,Healthcare Providers & Services,94600000.0,987787.0,848598.0,0.18,0.002001,0.017194,1.55,2022-06-24
,68.46,69.01,13.2262,45183599999.0,DVN,70.59,70.59,79.4,23.3428,Oil & Gas,660000000.0,11457160.0,11527563.0,-2.13,-0.030174,0.008034,0.55,2022-06-24
,32.34,32.31,10.9418,7427036232.0,DXC,31.49,31.12,44.18,27.28,Software & IT Services,229654800.0,1855505.0,2203994.0,1.22,0.039203,-0.0009276,-0.03,2022-06-24
,71.51,71.51,135.5929,28067939587.0,DXCM,70.37,69.31,164.863,66.8925,Healthcare Equipment & Supplies,392503700.0,2988637.0,4585994.0,2.2,0.031741,0.0,0.0,2022-06-24
,129.26,130.0,46.2474,36179046736.0,EA,127.65,127.37,148.93,109.24,Software & IT Services,279893600.0,2210076.0,3353835.0,1.89,0.014839,0.005725,0.74,2022-06-24
,43.51,43.52,253.2341,24358729771.0,EBAY,42.97,42.58,81.19,42.21,Software & IT Services,559842100.0,8232220.0,7208668.0,0.93,0.021841,0.0002298,0.01,2022-06-24
,150.04,152.57,39.1865,42859706208.0,ECL,152.12,150.28,238.93,148.16,Chemicals,285655200.0,1023715.0,1122706.0,-0.24,-0.0015970000000000001,0.016862,2.53,2022-06-24
,88.25,88.0199,20.5166,31266533750.0,ED,89.3,88.78,101.1174,71.17,Electrical Utilities & IPPs,354295000.0,1924766.0,1853820.0,-0.53,-0.00597,-0.002607,-0.2301,2022-06-24
,178.34,178.34,27.8188,21817241734.0,EFX,174.65,172.02,300.11,171.92,Professional & Commercial Services,122335100.0,671958.0,857651.0,6.32,0.03674,0.0,0.0,2022-06-24
,61.13,60.6899,39.7059,23302774339.0,EIX,61.45,60.98,73.32,54.14,Electrical Utilities & IPPs,381200300.0,1897958.0,2021976.0,0.15,0.00246,-0.007199,-0.4401,2022-06-24
,243.12,243.6436,26.3151,86878251264.0,EL,241.54,240.78,374.2,225.39,Personal & Household Products & Services,357347200.0,1606576.0,1783301.0,2.34,0.009718,0.002154,0.5236,2022-06-24
,95.05,96.53,15.8463,12250272120.0,EMN,97.28,96.24,129.475,93.47,Chemicals,128882400.0,1235088.0,921682.0,-1.19,-0.012365,0.015571,1.48,2022-06-24
,85.46,85.86,17.6994,50763240000.0,EMR,85.39,84.7,105.99,81.01,"Machinery, Equipment & Components",594000000.0,2630757.0,2943721.0,0.76,0.008973,0.004681,0.4,2022-06-24
,188.48,191.0,154.6879,25450115136.0,ENPH,180.24,179.52,282.46,113.4,Renewable Energy,135028200.0,2424757.0,2409646.0,8.96,0.049911000000000004,0.01337,2.52,2022-06-24
,127.46,129.0,17.5187,74655029964.0,EOG,130.05,131.26,145.9831,60.0316,Oil & Gas,585713400.0,3821225.0,3981274.0,-3.8,-0.02895,0.012081999999999999,1.54,2022-06-24
,641.25,641.25,114.2701,58367729250.0,EQIX,627.44,618.51,885.26,606.12,Residential & Commercial REIT,91021800.0,507263.0,543116.0,22.74,0.036766,0.0,0.0,2022-06-24
,69.15,70.4,19.1956,26003290470.0,EQR,69.28,68.78,94.32,68.25,Residential & Commercial REIT,376041800.0,2153547.0,1921570.0,0.37,0.005379,0.018077,1.25,2022-06-24
,80.58,81.12,21.4666,27790277298.0,ES,81.41,80.74,94.63,78.44,Electrical Utilities & IPPs,344878100.0,2150460.0,1448540.0,-0.16,-0.001982,0.006701,0.54,2022-06-24
,257.23,257.23,42.4528,16805612734.0,ESS,258.43,256.21,363.36,253.9,Residential & Commercial REIT,65333020.0,615300.0,506722.0,1.02,0.003981,0.0,0.0,2022-06-24
,131.01,131.4301,23.6463,52272990000.0,ETN,131.55,130.52,175.72,128.8749,"Machinery, Equipment & Components",399000000.0,1658652.0,2176193.0,0.49,0.003754,0.0032069999999999998,0.4201,2022-06-24
,107.77,105.56,20.4923,21917648311.0,ETR,108.06,107.29,126.815,98.495,Electrical Utilities & IPPs,203374300.0,1804331.0,1105301.0,0.48,0.0044740000000000005,-0.020507,-2.21,2022-06-24
,76.05,76.52,24.1693,9667399950.0,ETSY,72.57,71.61,307.75,68.399,Diversified Retail,127119000.0,3881030.0,5039424.0,4.44,0.062003,0.00618,0.47,2022-06-24
,61.31,61.31,17.4069,14069314573.0,EVRG,61.79,61.32,73.125,59.46,Electrical Utilities & IPPs,229478300.0,1386312.0,1277429.0,-0.01,-0.0001631,0.0,0.0,2022-06-24
,88.78,89.4,35.4539,55199124804.0,EW,87.81,86.5,131.73,85.58,Healthcare Equipment & Supplies,621751800.0,3292910.0,2767192.0,2.28,0.026358000000000003,0.006984000000000001,0.62,2022-06-24
,42.26,43.64,16.7617,41423657696.0,EXC,42.66,42.31,50.71,31.2466,Electrical Utilities & IPPs,980209600.0,7565681.0,6429814.0,-0.05,-0.0011819999999999999,0.032654999999999997,1.38,2022-06-24
,97.95,97.99,11.413,16431494505.0,EXPD,99.23,98.6,137.8,94.95,Freight & Logistics Services,167753900.0,1355724.0,1414504.0,-0.65,-0.006592,0.0004084,0.04,2022-06-24
,104.41,105.4,20.3583,16402581298.0,EXPE,102.83,101.93,217.72,100.01,Hotels & Entertainment Services,157097800.0,4437872.0,3718705.0,2.48,0.024329999999999997,0.009482,0.99,2022-06-24
,161.5,160.0,25.7125,21686203850.0,EXR,160.33,158.74,228.835,156.7,Residential & Commercial REIT,134279900.0,1061009.0,749178.0,2.76,0.017387,-0.009288,-1.5,2022-06-24
,12.27,12.39,4.2927,49322516550.0,F,12.22,12.2,25.87,11.74,Automobiles & Auto Parts,4019765000.0,70393220.0,59468904.0,0.07,0.005738,0.00978,0.12,2022-06-24
,146.76,147.25,9.8467,26048813976.0,FANG,148.91,149.63,162.2409,64.7371,Oil & Gas,177492600.0,3256369.0,2920902.0,-2.87,-0.019181,0.003339,0.49,2022-06-24
,49.61,49.82,28.8279,28555813660.0,FAST,49.6309,49.13,64.7465,48.525,"Machinery, Equipment & Components",575606000.0,3765796.0,2900865.0,0.48,0.00977,0.004233,0.21,2022-06-24
,169.35,171.91,12.3918,458315800050.0,META,167.2,163.73,384.33,161.3601,Software & IT Services,2706323000.0,30008251.0,28208213.0,5.62,0.034325,0.015117,2.56,2022-06-24
,62.12,62.1,10.9278,8125749476.0,FBHS,62.01,61.32,109.23,60.6,Homebuilding & Construction Supplies,130807300.0,1339503.0,1306867.0,0.8,0.013046,-0.000322,-0.02,2022-06-24
,36.9,37.33,10.6793,53477767800.0,FCX,37.5,36.82,51.99,30.02,Metals & Mining,1449262000.0,17094637.0,18025070.0,0.08,0.002173,0.011653,0.43,2022-06-24
,232.78,234.7,12.6722,60331501396.0,FDX,230.75,229.95,304.59,192.82,Freight & Logistics Services,259178200.0,5035821.0,2538358.0,2.83,0.012306999999999998,0.008248,1.92,2022-06-24
,37.24,37.47,17.7951,21261518852.0,FE,38.62,38.39,48.85,35.4223,Electrical Utilities & IPPs,570932300.0,10795198.0,3760443.0,-1.15,-0.029956,0.006176,0.23,2022-06-24
,153.27,153.27,26.5805,9268546505.0,FFIV,152.57,150.79,249.0,148.12,Software & IT Services,60472020.0,359539.0,471277.0,2.48,0.016447,0.0,0.0,2022-06-24
,95.47,97.56,64.7814,58310326464.0,FIS,96.33,95.25,152.2,85.0,Financial Technology (Fintech) & Infrastructure,610771200.0,4435508.0,3111529.0,0.22,0.00231,0.021892000000000002,2.09,2022-06-24
,91.47,91.12,35.1359,59125659180.0,FISV,91.04,89.89,119.86,88.97,Professional & Commercial Services,646394000.0,3244620.0,2823373.0,1.58,0.017577,-0.003826,-0.35,2022-06-24
,34.73,34.73,9.9061,23827818874.0,FITB,34.91,34.58,50.64,34.11,Banking Services,686087500.0,6986731.0,4740395.0,0.15,0.004338,0.0,0.0,2022-06-24
,229.52,229.52,21.4068,17751265006.0,FLT,229.07,227.04,282.02,200.78,Professional & Commercial Services,77340820.0,579170.0,532792.0,2.48,0.010923,0.0,0.0,2022-06-24
,107.16,106.83,16.5754,13495655388.0,FMC,109.57,107.92,140.99,87.27,Chemicals,125939300.0,651941.0,920804.0,-0.76,-0.0070420000000000005,-0.00308,-0.33,2022-06-24
,30.44,30.44,15.104,17249430000.0,FOX,29.88,29.65,40.91,28.96,Media & Publishing,556749400.0,1421636.0,1301591.0,0.79,0.026644,0.0,0.0,2022-06-24
,32.83,32.83,16.0539,17249430000.0,FOXA,32.27,32.03,44.95,31.325,Media & Publishing,556749400.0,3124967.0,2709112.0,0.8,0.024977,0.0,0.0,2022-06-24
,140.28,140.91,17.4023,25200853104.0,FRC,138.99,136.96,222.86,133.37,Banking Services,179646800.0,1397642.0,1112481.0,3.32,0.024241000000000002,0.004491,0.63,2022-06-24
,95.93,95.94,28.9174,7618782663.0,FRT,96.35,95.16,140.51,94.48,Residential & Commercial REIT,79420230.0,725089.0,477388.0,0.77,0.008092,0.0001042,0.01,2022-06-24
,277.52,277.6,70.2734,44549480792.0,FTNT,272.45,269.23,371.77,227.11,Software & IT Services,160527100.0,1072362.0,1540090.0,8.29,0.030792,0.0002883,0.08,2022-06-24
,56.64,56.64,30.9173,20302489056.0,FTV,56.55,56.07,79.87,55.38,"Machinery, Equipment & Components",358447900.0,2600504.0,2522909.0,0.57,0.010166,0.0,0.0,2022-06-24
,217.92,218.5,18.4894,60517495392.0,GD,217.2,215.9,254.99,182.66,Aerospace & Defense,277705100.0,1276558.0,1464029.0,2.02,0.009356,0.002662,0.58,2022-06-24
,69.1,69.45,0.0,76055951500.0,GE,68.96,68.05,116.165,67.135,Consumer Goods Conglomerates,1100665000.0,6589373.0,6135682.0,1.05,0.01543,0.005064999999999999,0.35,2022-06-24
,58.39,59.28,16.1444,73239336070.0,GILD,57.99,57.79,74.12,57.165,Biotechnology & Medical Research,1254313000.0,6498135.0,7949084.0,0.6,0.010382,0.015242,0.89,2022-06-24
,66.34,66.66,17.7334,39950744080.0,GIS,66.5,66.45,73.99,56.67,Food & Tobacco,602212000.0,2869547.0,3402135.0,-0.11,-0.001655,0.004824,0.32,2022-06-24
,93.26,93.75,12.5002,9195398696.0,GL,91.9,89.45,108.605,85.25,Insurance,98599600.0,742851.0,453713.0,3.81,0.042594,0.005254,0.49,2022-06-24
,32.74,32.75,25.6392,27652613250.0,GLW,32.4,32.1,43.47,31.575,Electronic Equipment & Parts,844612500.0,6837207.0,4919999.0,0.64,0.019938,0.0003054,0.01,2022-06-24
,34.18,34.5,5.5112,49842677380.0,GM,33.36,33.2,67.21,32.15,Automobiles & Auto Parts,1458241000.0,19115998.0,17379568.0,0.98,0.029518,0.009362,0.32,2022-06-24
,248.54,262.7,31.8123,15864295773.0,GNRC,242.95,240.15,524.31,197.94,"Machinery, Equipment & Components",63829950.0,792999.0,1120313.0,8.39,0.034935999999999995,0.056973,14.16,2022-06-24
,2207.81,2232.9,19.3875,1408442000000.0,GOOG,2177.99,2143.88,3042.0,2044.16,Software & IT Services,658499900.0,1659601.0,1580777.0,63.93,0.029820000000000003,0.011364,25.09,2022-06-24
,2195.29,2217.5,19.3064,1408442000000.0,GOOGL,2170.9,2134.31,3030.9315,2037.6936,Software & IT Services,658499900.0,1984909.0,1907787.0,60.98,0.028571,0.010117000000000001,22.21,2022-06-24
,132.42,132.42,20.507,18750036384.0,GPC,133.08,132.44,142.97,115.63,Automobiles & Auto Parts,141595200.0,772364.0,784993.0,-0.02,-0.000151,0.0,0.0,2022-06-24
,112.85,112.58,32.1032,31771743860.0,GPN,113.93,112.15,196.88,109.33,Professional & Commercial Services,281539600.0,1670435.0,1406847.0,0.7,0.006242,-0.002393,-0.27,2022-06-24
,9.17,9.35,18.406,3374267477.0,GPS,9.27,9.12,34.485,8.75,Specialty Retailers,367968100.0,11325980.0,12656695.0,0.05,0.005482,0.019629,0.18,2022-06-24
,96.98,96.98,17.4028,18729262500.0,GRMN,96.93,96.72,178.805,95.21,Communications & Networking,193125000.0,874668.0,794722.0,0.26,0.002688,0.0,0.0,2022-06-24
,290.07,292.0,5.4845,99623613276.0,GS,287.16,282.54,426.1582,278.32,Investment Banking & Investment Services,343446800.0,2725792.0,2338667.0,7.53,0.026650999999999998,0.006654,1.93,2022-06-24
,473.06,473.06,20.7999,24174156010.0,GWW,471.8,469.9,529.91,391.16,"Machinery, Equipment & Components",51101670.0,397597.0,270593.0,3.16,0.006725,0.0,0.0,2022-06-24
,35.61,36.0,21.1813,32119361799.0,HAL,37.0,36.67,43.99,17.818,Oil & Gas Related Equipment and Services,901975900.0,12874965.0,10509710.0,-1.06,-0.028906,0.010952,0.39,2022-06-24
,81.76,81.76,27.1069,11400810624.0,HAS,80.81,80.75,105.73,80.17,Leisure Products,139442400.0,998807.0,1038331.0,1.01,0.012507999999999998,0.0,0.0,2022-06-24
,12.54,12.84,17.031,18047254500.0,HBAN,12.5,12.24,17.79,12.035,Banking Services,1439175000.0,19258702.0,12203030.0,0.3,0.02451,0.023923,0.3,2022-06-24
,10.23,10.35,7.1727,3567975411.0,HBI,10.29,10.23,20.74,10.085,Textiles & Apparel,348775700.0,6279394.0,6596120.0,0.0,0.0,0.01173,0.12,2022-06-24
,181.69,181.68,8.4075,52974440000.0,HCA,179.25,178.72,279.02,177.69,Healthcare Providers & Services,295484400.0,2534764.0,1904933.0,2.97,0.016618,-5.504e-05,-0.01,2022-06-24
,279.73,281.35,17.6897,287493906150.0,HD,281.0,278.67,420.61,275.47,Specialty Retailers,1027755000.0,4050378.0,4636726.0,1.06,0.003804,0.005790999999999999,1.62,2022-06-24
,117.16,118.0,51.4829,36467514500.0,HES,119.6,120.07,131.435,61.93,Oil & Gas,311262500.0,2910469.0,2167367.0,-2.91,-0.024236,0.007169999999999999,0.84,2022-06-24
,67.03,67.46,9.1641,22043794138.0,HIG,67.4,66.6,78.17,59.86,Insurance,328864600.0,1819019.0,1982226.0,0.43,0.006456,0.006415,0.43,2022-06-24
,205.67,205.67,15.3689,8236507623.0,HII,205.87,204.81,228.66,175.5,Aerospace & Defense,40047200.0,543939.0,339380.0,0.86,0.004199,0.0,0.0,2022-06-24
,121.89,123.33,45.9409,33925850913.0,HLT,121.31,119.14,167.99,114.7,Hotels & Entertainment Services,278331700.0,2472385.0,2233249.0,2.75,0.023082,0.011814,1.44,2022-06-24
,68.32,68.4,11.1739,16925480000.0,HOLX,68.61,67.87,81.04,61.5173,Healthcare Equipment & Supplies,249381000.0,1867010.0,2144508.0,0.45,0.0066300000000000005,0.001171,0.08,2022-06-24
,184.97,184.75,24.3483,125915164513.0,HON,184.42,183.28,236.86,174.42,Consumer Goods Conglomerates,680732900.0,2979292.0,2927821.0,1.69,0.009221,-0.001189,-0.22,2022-06-24
,14.07,14.02,4.9187,17761850000.0,HPE,13.76,13.67,17.76,12.99,"Computers, Phones & Household Electronics",1299330000.0,13743281.0,12591390.0,0.4,0.029261,-0.003554,-0.05,2022-06-24
,34.41,34.85,6.0492,35584688580.0,HPQ,34.26,33.75,41.47,26.11,"Computers, Phones & Household Electronics",1034138000.0,12683550.0,11978128.0,0.66,0.019556,0.012787,0.44,2022-06-24
,44.89,45.48,25.7778,24512435884.0,HRL,45.25,45.12,55.11,40.48,Food & Tobacco,546055600.0,1933702.0,2004494.0,-0.23,-0.005098,0.013143,0.59,2022-06-24
,74.97,74.79,16.3149,10349668476.0,HSIC,75.46,75.0,92.68,70.25,Healthcare Equipment & Supplies,138050800.0,1252931.0,720723.0,-0.03,-0.0004,-0.002401,-0.18,2022-06-24
,17.61,17.46,48.1017,12587224731.0,HST,17.4,17.18,21.63,14.67,Residential & Commercial REIT,714777100.0,7710985.0,9375818.0,0.43,0.025029,-0.008518,-0.15,2022-06-24
,206.19,208.1,26.5884,42393612474.0,HSY,207.68,206.79,231.595,167.8,Food & Tobacco,205604600.0,956090.0,1163063.0,-0.6,-0.0029010000000000004,0.009263,1.91,2022-06-24
,433.22,435.0,17.9814,54799470748.0,HUM,425.82,423.93,472.68,351.2,Healthcare Providers & Services,126493400.0,820697.0,672236.0,9.29,0.021914,0.004109,1.78,2022-06-24
,32.71,32.46,44.7539,13669970211.0,HWM,32.67,32.2,37.66,27.41,Aerospace & Defense,417914100.0,3476636.0,2544922.0,0.51,0.015839000000000002,-0.007643,-0.25,2022-06-24
,137.06,137.8,21.655,123276602218.0,IBM,136.01,135.72,144.73,114.56,Software & IT Services,899435300.0,4606887.0,4814863.0,1.34,0.009873,0.005399,0.74,2022-06-24
,95.63,97.89,13.0592,53387006269.0,ICE,94.83,94.05,139.79,93.45,Investment Banking & Investment Services,558266300.0,3087528.0,3279031.0,1.58,0.0168,0.023633,2.26,2022-06-24
,333.94,331.0,38.6154,28053374386.0,IDXX,333.45,328.99,706.95,322.78,Healthcare Equipment & Supplies,84007230.0,640757.0,697118.0,4.95,0.015045999999999999,-0.008804,-2.94,2022-06-24
,179.66,179.98,28.7591,13655167892.0,IEX,181.1,179.41,240.33,177.24,"Machinery, Equipment & Components",76005610.0,369972.0,387699.0,0.25,0.0013930000000000001,0.001781,0.32,2022-06-24
,116.43,116.5291,53.8349,29670788340.0,IFF,119.27,117.17,157.08,113.4,Food & Tobacco,254838000.0,1287017.0,1210913.0,-0.74,-0.006316,0.0008512999999999999,0.09911,2022-06-24
,193.63,194.48,41.3139,30419273000.0,ILMN,192.03,189.41,526.0,187.3977,Healthcare Equipment & Supplies,157100000.0,2107976.0,1386807.0,4.22,0.02228,0.00439,0.85,2022-06-24
,68.55,68.55,15.7535,15184167750.0,INCY,66.35,66.18,88.26,61.91,Pharmaceuticals,221505000.0,1533079.0,1326933.0,2.37,0.035811,0.0,0.0,2022-06-24
,0.0989,,,25508357.0,WOWI,0.0989,0.0989,0.1795,0.022,Telecommunications Services,257920700.0,100.0,670.0,0.0,0.0,,,2022-06-24
,38.65,38.89,6.3085,158039850000.0,INTC,38.56,37.93,58.415,37.54,Semiconductors & Semiconductor Equipment,4089000000.0,37652256.0,34801197.0,0.72,0.018982000000000002,0.00621,0.24,2022-06-24
,378.54,382.9,41.4228,102896100000.0,INTU,370.39,364.78,716.86,339.36,Financial Technology (Fintech) & Infrastructure,282077000.0,1830498.0,2183737.0,13.76,0.037721,0.011517999999999999,4.36,2022-06-24
,44.05,44.28,12.6968,16326220664.0,IP,44.25,43.62,60.3451,40.45,Containers & Packaging,370629300.0,4246287.0,3047794.0,0.43,0.009858,0.005221,0.23,2022-06-24
,28.05,28.05,10.8612,11042280810.0,IPG,28.12,27.78,39.98,27.535,Media & Publishing,393664200.0,3592395.0,3394303.0,0.27,0.009719,0.0,0.0,2022-06-24
,92.35,92.35,17.6099,4790438304.0,IPGP,91.92,91.9,220.51,90.49,Electronic Equipment & Parts,51872640.0,668741.0,610389.0,0.45,0.004897,0.0,0.0,2022-06-24
,202.13,199.22,36.2237,38258964270.0,IQV,204.1,200.88,285.61,195.57,Biotechnology & Medical Research,189279000.0,1234038.0,989748.0,1.25,0.006222999999999999,-0.014397,-2.91,2022-06-24
,44.56,44.56,34.1244,18088236344.0,IR,44.19,43.77,62.64,41.6,"Machinery, Equipment & Components",405929900.0,2754555.0,3218667.0,0.79,0.018049,0.0,0.0,2022-06-24
,47.97,47.97,30.8186,13938239952.0,IRM,47.79,47.28,58.61,41.67,Residential & Commercial REIT,290561600.0,1746146.0,1621444.0,0.69,0.014594000000000001,0.0,0.0,2022-06-24
,196.13,198.5,29.125,70402138345.0,ISRG,194.0,191.1,369.69,188.81,Healthcare Equipment & Supplies,358956500.0,2409501.0,1948975.0,5.03,0.026320999999999997,0.012084,2.37,2022-06-24
,235.74,235.74,24.7935,18986275647.0,IT,238.8,234.6,368.995,228.2,Software & IT Services,80539050.0,532211.0,578940.0,1.14,0.004859,0.0,0.0,2022-06-24
,186.41,186.01,21.8523,58056089630.0,ITW,187.12,185.93,249.8121,184.335,Consumer Goods Conglomerates,311443000.0,1304289.0,1070351.0,0.48,0.0025819999999999997,-0.0021460000000000003,-0.4,2022-06-24
,16.42,16.65,5.705,7471518710.0,IVZ,16.43,16.24,29.255,15.82,Investment Banking & Investment Services,455025500.0,4523789.0,3694157.0,0.18,0.011084,0.014007,0.23,2022-06-24
,124.68,125.19,43.2124,15990940000.0,J,125.67,124.32,150.32,114.11,Construction & Engineering,128627300.0,457154.0,611297.0,0.36,0.002896,0.00409,0.51,2022-06-24
,161.52,161.85,20.0236,16924614768.0,JBHT,162.72,161.42,218.18,155.11,Freight & Logistics Services,104783400.0,646411.0,846653.0,0.1,0.0006194999999999999,0.002043,0.33,2022-06-24
,49.86,49.99,28.7465,34686051354.0,JCI,50.04,49.6,81.77,49.085,"Machinery, Equipment & Components",695668900.0,3772997.0,4421068.0,0.26,0.005242,0.002607,0.13,2022-06-24
,179.27,179.27,36.3582,12904550000.0,JKHY,178.47,177.11,205.37,147.5,Software & IT Services,72861810.0,639582.0,458482.0,2.16,0.012196,0.0,0.0,2022-06-24
,169.99,171.5,22.6546,447312025980.0,JNJ,169.64,168.19,186.69,155.72,Pharmaceuticals,2631402000.0,7796330.0,6916308.0,1.8,0.010702,0.008883,1.51,2022-06-24
,28.58,28.12,27.6444,9234066532.0,JNPR,28.51,28.32,38.14,26.12,Communications & Networking,323095400.0,3352813.0,3933265.0,0.26,0.009181,-0.016094999999999998,-0.46,2022-06-24
,115.41,116.3,8.4642,338965055910.0,JPM,115.62,114.06,172.96,113.1683,Banking Services,2937051000.0,14083548.0,13173511.0,1.35,0.011836,0.007712,0.89,2022-06-24
,67.8,67.4,15.2214,22907762280.0,K,68.47,68.34,75.56,59.54,Food & Tobacco,337872600.0,2314176.0,2874913.0,-0.54,-0.007902,-0.0059,-0.4,2022-06-24
,17.74,17.96,7.1273,16542033765.0,KEY,17.74,17.54,27.17,17.12,Banking Services,932470900.0,14413880.0,10136245.0,0.2,0.011403000000000002,0.012401,0.22,2022-06-24
,138.47,136.02,24.4518,24917108773.0,KEYS,136.72,135.17,209.08,127.93,"Machinery, Equipment & Components",179945900.0,829563.0,1045974.0,3.3,0.024413999999999998,-0.017693,-2.45,2022-06-24
,36.18,36.28,45.2956,44282583360.0,KHC,36.45,36.14,44.87,32.785,Food & Tobacco,1223952000.0,6870177.0,10413015.0,0.04,0.0011070000000000001,0.002764,0.1,2022-06-24
,19.31,19.3,11.599,11933711308.0,KIM,19.4,19.2,26.565,19.0,Residential & Commercial REIT,618006800.0,7845395.0,4996276.0,0.11,0.005729,-0.0005179000000000001,-0.01,2022-06-24
,323.79,325.5,15.3577,48320800650.0,KLAC,322.39,316.47,457.12,287.44,Semiconductors & Semiconductor Equipment,149235000.0,1214694.0,1297568.0,7.32,0.02313,0.005281,1.71,2022-06-24
,122.41,122.41,23.8038,41243050455.0,KMB,123.91,123.31,145.79,117.32,Personal & Household Products & Services,336925500.0,1784574.0,1623296.0,-0.9,-0.007299,0.0,0.0,2022-06-24
,17.6,17.74,39.5368,39907507200.0,KMI,17.97,17.89,20.2,15.0124,Oil & Gas Related Equipment and Services,2267472000.0,18043610.0,16429565.0,-0.29,-0.01621,0.007955,0.14,2022-06-24
,91.54,91.28,12.9044,14662126572.0,KMX,90.88,89.79,155.98,85.36,Specialty Retailers,160171800.0,1115012.0,1736871.0,1.75,0.01949,-0.0028399999999999996,-0.26,2022-06-24
,59.67,60.0,24.9811,258671180430.0,KO,60.0,59.23,67.2,52.28,Beverages,4335029000.0,19684697.0,19881792.0,0.44,0.007429,0.00553,0.33,2022-06-24
,50.88,52.3,23.1812,37028052288.0,KR,50.63,50.39,62.78,36.77,Food & Drug Retailing,727752600.0,6176992.0,6441086.0,0.49,0.009724,0.027909000000000003,1.42,2022-06-24
,58.91,58.8,9.0943,14407170000.0,L,59.15,58.54,68.2,51.35,Insurance,246108000.0,1373402.0,1111602.0,0.37,0.00632,-0.001867,-0.11,2022-06-24
,98.79,98.79,19.2654,13500848859.0,LDOS,98.56,97.91,111.12,81.07,Software & IT Services,136662100.0,758797.0,661105.0,0.88,0.008988000000000001,0.0,0.0,2022-06-24
,35.11,36.36,11.6025,4689302133.0,LEG,34.57,34.37,52.4402,33.8,Household Goods,133560300.0,1765793.0,1032763.0,0.74,0.02153,0.035602,1.25,2022-06-24
,68.97,69.5,5.4139,20016520000.0,LEN,69.83,69.14,117.54,67.14,Homebuilding & Construction Supplies,295490200.0,3134898.0,2400947.0,-0.17,-0.0024590000000000002,0.007685,0.53,2022-06-24
,218.96,218.96,9.819,20297592000.0,LH,215.18,213.86,317.17,212.4,Healthcare Providers & Services,92700000.0,885402.0,868102.0,5.1,0.023847,0.0,0.0,2022-06-24
,226.7,232.32,24.4429,43724671820.0,LHX,227.87,226.92,279.71,200.705,Aerospace & Defense,192874600.0,858430.0,936426.0,-0.22,-0.0009695,0.02479,5.62,2022-06-24
,299.99,300.01,38.083,150812382753.0,LIN,299.6,295.62,352.18,267.51,Chemicals,502724700.0,1979468.0,1984495.0,4.37,0.014782,6.667e-05,0.02,2022-06-24
,48.75,48.75,13.0368,13788103875.0,LKQ,48.545,48.52,60.4299,42.36,Automobiles & Auto Parts,282832900.0,1496797.0,1820548.0,0.23,0.004739999999999999,0.0,0.0,2022-06-24
,292.99,294.89,43.1524,278387231905.0,LLY,291.6,290.79,324.08,217.0,Pharmaceuticals,950159500.0,1970129.0,3100002.0,2.2,0.007566000000000001,0.0064849999999999994,1.9,2022-06-24
,414.1,415.25,18.3767,110745700000.0,LMT,417.56,416.17,479.99,324.2278,Aerospace & Defense,266107000.0,1241740.0,1198572.0,-2.07,-0.004974,0.002777,1.15,2022-06-24
,49.09,49.95,6.7685,8440873321.0,LNC,49.39,48.32,77.57,47.37,Insurance,171946900.0,2111319.0,1690606.0,0.77,0.015934999999999998,0.017519,0.86,2022-06-24
,55.74,55.74,20.5112,13980355638.0,LNT,56.01,55.61,65.37,54.46,Electrical Utilities & IPPs,250813700.0,2053491.0,2233871.0,0.13,0.0023380000000000002,0.0,0.0,2022-06-24
,179.01,180.82,14.5045,114410446488.0,LOW,179.4,177.94,263.31,176.3,Specialty Retailers,639128800.0,4127799.0,4071263.0,1.07,0.006012999999999999,0.010111000000000002,1.81,2022-06-24
,453.64,459.395,14.0614,62926672600.0,LRCX,449.77,449.77,731.8492,442.53,Semiconductors & Semiconductor Equipment,138715000.0,1566079.0,1276573.0,3.87,0.008604,0.012686,5.755,2022-06-24
,10.5,10.57,5.1362,10940060000.0,LUMN,10.61,10.59,14.945,9.31,Telecommunications Services,1033055000.0,12755569.0,12648469.0,-0.09,-0.008499,0.006666999999999999,0.07,2022-06-24
,37.23,37.5,39.4602,22075766772.0,LUV,37.67,37.22,57.85,36.455,Passenger Transportation Services,592956400.0,7937586.0,4882214.0,0.01,0.0002687,0.007252,0.27,2022-06-24
,32.64,32.88,0.0,24940521024.0,LVS,32.55,32.27,55.6,28.875,Hotels & Entertainment Services,764109100.0,7189465.0,7133177.0,0.37,0.011466,0.007352999999999999,0.24,2022-06-24
,65.12,65.12,40.0202,9406382128.0,LW,64.8,64.15,83.97,49.71,Food & Tobacco,144446900.0,933414.0,1029628.0,0.97,0.015121,0.0,0.0,2022-06-24
,96.14,96.82,5.5382,31497559852.0,LYB,98.21,97.48,112.53,80.3723,Chemicals,327621800.0,2231299.0,2728877.0,-1.34,-0.013746000000000001,0.007073,0.68,2022-06-24
,86.68,87.25,0.0,19768578852.0,LYV,85.5,84.94,127.75,74.23,Media & Publishing,228063900.0,1589051.0,2397046.0,1.74,0.020485000000000003,0.006575999999999999,0.57,2022-06-24
,325.39,329.0,33.5226,316488858933.0,MA,327.41,322.14,399.92,305.605,Software & IT Services,972644700.0,2357895.0,3129444.0,3.25,0.010088999999999999,0.011094,3.61,2022-06-24
,162.41,163.1,31.0653,18746596516.0,MAA,161.31,160.03,231.63,158.855,Residential & Commercial REIT,115427600.0,803256.0,709039.0,2.38,0.014872000000000002,0.004249,0.69,2022-06-24
,154.8,159.19,33.7412,50665776840.0,MAR,154.76,152.22,195.9,127.23,Hotels & Entertainment Services,327298300.0,2051178.0,2375716.0,2.58,0.016949000000000002,0.028359000000000002,4.39,2022-06-24
,50.95,50.95,22.8491,12021163380.0,MAS,51.44,51.21,71.055,48.78,Homebuilding & Construction Supplies,235940400.0,2628667.0,2231752.0,-0.26,-0.005077000000000001,0.0,0.0,2022-06-24
,238.9,240.0,25.2245,176677754410.0,MCD,239.86,238.76,271.15,217.675,Hotels & Entertainment Services,739546900.0,3152171.0,2901761.0,0.14,0.0005863999999999999,0.004604,1.1,2022-06-24
,61.55,61.98,22.5818,34129555015.0,MCHP,61.58,60.95,90.0,59.84,Semiconductors & Semiconductor Equipment,554501300.0,4726119.0,5287238.0,0.6,0.009844,0.006986,0.43,2022-06-24
,307.68,305.29,42.315,44176971312.0,MCK,306.92,306.52,339.94,184.43,Food & Drug Retailing,143580900.0,1075920.0,1077172.0,1.16,0.003784,-0.007768000000000001,-2.39,2022-06-24
,262.3,263.23,24.4164,48394350000.0,MCO,260.42,257.68,407.94,256.84,Professional & Commercial Services,184500000.0,861322.0,1068010.0,4.62,0.017929,0.003546,0.93,2022-06-24
,59.04,59.6573,19.6259,81706872960.0,MDLZ,58.94,58.47,69.47,57.625,Food & Tobacco,1383924000.0,9212371.0,8241086.0,0.57,0.009749,0.010456,0.6173,2022-06-24
,89.35,90.28,24.1901,117744200000.0,MDT,89.21,88.48,135.89,87.6872,Healthcare Equipment & Supplies,1330743000.0,5236231.0,6315096.0,0.87,0.009833,0.010409,0.93,2022-06-24
,62.31,62.58,8.0113,50670859629.0,MET,62.6,61.86,73.18,55.21,Insurance,813205900.0,4716937.0,4813132.0,0.45,0.007274,0.004333,0.27,2022-06-24
,30.06,30.89,9.5572,12525940000.0,MGM,29.85,29.4,51.17,28.4,Hotels & Entertainment Services,426052200.0,6764439.0,6658382.0,0.66,0.022449,0.027611,0.83,2022-06-24
,125.42,126.32,8.0619,7969115310.0,MHK,125.56,123.61,211.745,117.56,Household Goods,63539430.0,519181.0,529790.0,1.81,0.014643,0.007176,0.9,2022-06-24
,83.73,83.75,30.2287,22472840000.0,MKC,84.27,83.8,107.35,77.85,Food & Tobacco,268076500.0,1433922.0,1243428.0,-0.07,-0.0008353,0.0002389,0.02,2022-06-24
,270.04,270.04,42.1359,10191849680.0,MKTX,270.22,268.48,498.97,249.01,Investment Banking & Investment Services,37742000.0,181122.0,282844.0,1.56,0.005809999999999999,0.0,0.0,2022-06-24
,318.45,318.45,29.964,19860287106.0,MLM,319.0,316.47,446.46,312.0805,Construction Materials,62365480.0,519919.0,490521.0,1.98,0.006257,0.0,0.0,2022-06-24
,148.39,148.08,23.3204,74478973943.0,MMC,149.23,147.26,183.14,133.86,Insurance,501913700.0,1414722.0,1573916.0,1.13,0.007673999999999999,-0.002089,-0.31,2022-06-24
,87.87,87.91,34.7783,46542225918.0,MNST,88.66,88.06,99.89,71.775,Beverages,529671400.0,3726367.0,2843180.0,-0.19,-0.0021579999999999998,0.0004552,0.04,2022-06-24
,45.67,46.0,28.1998,82688138190.0,MO,46.66,46.29,57.05,42.53,Food & Tobacco,1810557000.0,22244779.0,12251848.0,-0.62,-0.013394,0.007226,0.33,2022-06-24
,53.61,53.99,7.4621,19406460813.0,MOS,53.485,52.73,79.28,28.26,Chemicals,361993300.0,8638782.0,8148253.0,0.88,0.016689,0.007088,0.38,2022-06-24
,98.9,100.15,23.8094,53504395610.0,MPC,102.98,102.67,114.35,50.19,Oil & Gas,540994900.0,13175827.0,6478483.0,-3.77,-0.03672,0.012639000000000001,1.25,2022-06-24
,416.19,421.44,70.8363,19412350170.0,MPWR,411.96,407.16,580.0,340.47,Semiconductors & Semiconductor Equipment,46643000.0,386090.0,470070.0,9.03,0.022178,0.012614,5.25,2022-06-24
,84.63,85.0,15.4079,214012767150.0,MRK,84.56,84.5,94.92,70.89,Pharmaceuticals,2528805000.0,11357089.0,11861081.0,0.13,0.0015379999999999999,0.004372,0.37,2022-06-24
,128.53,129.525,3.5743,51124028535.0,MRNA,122.44,121.56,497.49,115.61,Biotechnology & Medical Research,397759500.0,6965005.0,5916338.0,6.97,0.05733799999999999,0.0077410000000000005,0.995,2022-06-24
,28.07,28.24,10.0382,19864883563.0,MRO,28.55,28.79,33.235,10.41,Oil & Gas,707690900.0,23440965.0,20841120.0,-0.72,-0.025009,0.006056000000000001,0.17,2022-06-24
,76.02,76.5,9.536,132980569680.0,MS,75.8,74.96,109.73,74.14,Investment Banking & Investment Services,1749284000.0,9273318.0,7432351.0,1.06,0.014140999999999999,0.006313999999999999,0.48,2022-06-24
,397.39,397.39,42.678,32237484865.0,MSCI,397.01,391.0,679.85,376.41,Professional & Commercial Services,81123040.0,436308.0,564759.0,6.39,0.016343,0.0,0.0,2022-06-24
,251.76,254.0,25.5079,1882921348080.0,MSFT,248.31,244.49,349.67,241.51,Software & IT Services,7479033000.0,33111729.0,32482875.0,7.27,0.029735,0.008897,2.24,2022-06-24
,203.11,203.01,27.8491,33979693670.0,MSI,205.46,203.31,273.6496,199.24,Communications & Networking,167297000.0,694530.0,990886.0,-0.2,-0.0009837,-0.0004923,-0.1,2022-06-24
,165.49,166.0,12.5993,29585940000.0,MTB,166.65,164.9,186.95,128.46,Banking Services,179417400.0,882733.0,1123616.0,0.59,0.003578,0.0030819999999999997,0.51,2022-06-24
,77.06,77.6,80.8136,22003072802.0,MTCH,74.86,73.07,182.0,67.8694,Software & IT Services,285531700.0,3043586.0,3085713.0,3.99,0.054604999999999994,0.0070079999999999995,0.54,2022-06-24
,1167.25,1167.25,33.9915,26473591847.0,MTD,1170.56,1157.63,1714.75,1136.37,Office Equipment,22680310.0,86207.0,127322.0,9.62,0.00831,0.0,0.0,2022-06-24
,59.12,59.7,7.3906,66017353040.0,MU,59.33,58.7,98.45,57.55,Semiconductors & Semiconductor Equipment,1116667000.0,19726222.0,17894566.0,0.42,0.007155,0.009811,0.58,2022-06-24
,11.73,11.87,0.0,4916055903.0,NCLH,11.26,11.12,32.1834,10.96,Hotels & Entertainment Services,419101100.0,30654148.0,23379812.0,0.61,0.054855999999999995,0.011935,0.14,2022-06-24
,149.92,150.5,20.9421,24688495775.0,NDAQ,146.33,145.87,214.955,140.31,Investment Banking & Investment Services,164677800.0,1053836.0,957196.0,4.05,0.027764,0.003869,0.58,2022-06-24
,74.19,75.14,97.0405,140422400000.0,NEE,72.46,71.48,93.73,67.22,Electrical Utilities & IPPs,1964500000.0,12085296.0,10756178.0,2.71,0.037913,0.012805,0.95,2022-06-24
,88.7,,44.61,9859080000.0,NEM,86.26,85.58,,,Software & IT Services,115500000.0,81.0,91490.0,3.12,0.036457,,,2022-06-24
,180.11,182.0,16.0198,80018172129.0,NFLX,169.258,167.54,700.9894,162.71,Software & IT Services,444273900.0,12396041.0,10090626.0,12.57,0.075027,0.010494000000000002,1.89,2022-06-24
,27.72,29.25,18.143,11248723332.0,NI,27.8,27.6,32.585,23.65,Multiline Utilities,405798100.0,5268251.0,4073249.0,0.12,0.004348,0.055195,1.53,2022-06-24
,113.44,113.99,29.2345,178528128480.0,NKE,112.16,110.72,179.1,103.46,Textiles & Apparel,1573767000.0,4828671.0,6654616.0,2.72,0.024565999999999998,0.004848,0.55,2022-06-24
,22.0,21.58,15.5456,12761410200.0,NLOK,22.14,21.99,30.915,21.72,Software & IT Services,580064100.0,7141335.0,7500375.0,0.01,0.0004548,-0.019091,-0.42,2022-06-24
,22.65,22.64,14.8726,8147053244.0,NLSN,22.71,22.52,27.79,16.02,Media & Publishing,359693300.0,5418789.0,2907223.0,0.13,0.005773,-0.0004415,-0.01,2022-06-24
,458.45,458.45,12.5276,71263576870.0,NOC,456.26,454.46,492.3,344.89,Aerospace & Defense,155444600.0,874398.0,825955.0,3.99,0.00878,0.0,0.0,2022-06-24
,465.95,470.495,404.7561,93404290405.0,NOW,449.52,444.75,707.6,406.47,Software & IT Services,200459900.0,1950860.0,1758451.0,21.2,0.047667,0.009754,4.545,2022-06-24
,39.11,39.56,2.3986,9280161596.0,NRG,39.76,39.42,47.82,34.7,Electrical Utilities & IPPs,237283600.0,3597419.0,4334617.0,-0.31,-0.007864,0.011506,0.45,2022-06-24
,224.5,229.99,17.994,53505646250.0,NSC,225.01,222.81,299.195,220.85,Freight & Logistics Services,238332500.0,1134191.0,1203772.0,1.69,0.007585,0.024453999999999997,5.49,2022-06-24
,65.43,65.43,15.7006,14313540000.0,NTAP,64.76,64.32,96.82,63.71,"Computers, Phones & Household Electronics",222536500.0,2371949.0,1932988.0,1.11,0.017257,0.0,0.0,2022-06-24
,93.28,93.28,12.9895,19437667744.0,NTRS,95.03,93.6,135.15,91.91,Investment Banking & Investment Services,208379800.0,2608573.0,760212.0,-0.32,-0.0034189999999999997,0.0,0.0,2022-06-24
,116.46,117.51,4.0742,30985580520.0,NUE,118.34,113.72,187.9,87.71,Metals & Mining,266062000.0,3582418.0,2670645.0,2.74,0.024094,0.009016,1.05,2022-06-24
,165.27,167.3,42.4943,413175000000.0,NVDA,160.95,158.36,346.47,154.12,Semiconductors & Semiconductor Equipment,2500000000.0,56393565.0,60535437.0,6.91,0.043635,0.012282999999999999,2.03,2022-06-24
,3909.85,3909.85,10.4279,12846410000.0,NVR,3964.53,3905.08,5982.445,3829.99,Homebuilding & Construction Supplies,3289670.0,15413.0,19584.0,4.77,0.001221,0.0,0.0,2022-06-24
,18.72,19.39,11.0004,7740720000.0,NWL,18.64,18.47,27.82,18.22,Household Goods,413500000.0,4933564.0,3685320.0,0.25,0.013534999999999998,0.035790999999999996,0.67,2022-06-24
,15.8,15.8,19.0653,9157600000.0,NWS,15.99,15.8,25.69,15.575,Media & Publishing,585741600.0,1207831.0,735154.0,0.0,0.0,0.0,0.0,2022-06-24
,15.54,15.98,18.4069,9157600000.0,NWSA,15.77,15.55,26.51,15.33,Media & Publishing,585741600.0,4649215.0,3596787.0,-0.01,-0.0006431000000000001,0.028314,0.44,2022-06-24
,168.94,169.89,20.8961,44357697312.0,NXPI,170.71,168.29,239.91,164.75,Semiconductors & Semiconductor Equipment,262564800.0,2355609.0,3077129.0,0.65,0.003862,0.005623,0.95,2022-06-24
,64.8,64.67,61.5443,38983569840.0,O,63.38,62.79,75.4,62.285,Residential & Commercial REIT,601598300.0,4884452.0,4429451.0,2.01,0.032011,-0.002006,-0.13,2022-06-24
,242.25,243.1864,24.4527,27144820000.0,ODFL,241.22,239.47,373.58,231.31,Freight & Logistics Services,113353800.0,700426.0,981618.0,2.78,0.011609000000000001,0.003865,0.9364,2022-06-24
,33.59,33.68,6.4629,8519673548.0,OGN,33.17,33.13,39.475,28.42,Pharmaceuticals,253637200.0,1694703.0,1336888.0,0.46,0.013885000000000002,0.0026790000000000004,0.09,2022-06-24
,59.69,59.85,17.9957,26658509040.0,OKE,60.42,60.39,75.07,48.51,Oil & Gas Related Equipment and Services,446616000.0,3090578.0,2478309.0,-0.7,-0.011591,0.0026810000000000002,0.16,2022-06-24
,65.43,66.75,11.0421,13461090561.0,OMC,65.6,64.95,91.61,64.32,Media & Publishing,205732700.0,1466080.0,1716486.0,0.48,0.00739,0.020173999999999997,1.32,2022-06-24
,69.7,70.3,29.4546,185970542900.0,ORCL,70.45,70.72,106.34,63.76,Software & IT Services,2668157000.0,11765545.0,8893033.0,-1.02,-0.014422999999999998,0.008608,0.6,2022-06-24
,599.01,599.01,19.1166,39370189824.0,ORLY,607.18,596.69,748.68,529.13,Specialty Retailers,65725430.0,486605.0,650171.0,2.32,0.003888,0.0,0.0,2022-06-24
,69.76,70.07,23.8222,29494137344.0,OTIS,69.41,69.21,92.84,68.64,"Machinery, Equipment & Components",422794400.0,1629268.0,2639812.0,0.55,0.007947,0.004444,0.31,2022-06-24
,60.28,60.72,9.4074,56493873480.0,OXY,61.17,62.09,74.04,21.62,Oil & Gas,937191000.0,29608916.0,27791340.0,-1.81,-0.029150999999999996,0.007299,0.44,2022-06-24
,273.82,276.0,70.471,16498750280.0,PAYC,274.82,270.45,558.97,259.95,Software & IT Services,60254000.0,355572.0,425067.0,3.37,0.012461,0.007961000000000001,2.18,2022-06-24
,117.95,118.31,31.3667,42579950000.0,PAYX,118.08,117.47,141.92,101.73,Professional & Commercial Services,361000000.0,1380369.0,1655088.0,0.48,0.004086,0.0030520000000000005,0.36,2022-06-24
,24.37,24.77,40.7015,13149006527.0,PEAK,23.71,23.44,37.69,23.23,Residential & Commercial REIT,539557100.0,7895331.0,4766829.0,0.93,0.039676,0.016413999999999998,0.4,2022-06-24
,60.52,60.3,0.0,30215148628.0,PEG,61.48,60.97,75.61,58.96,Multiline Utilities,499258900.0,2672927.0,2645131.0,-0.45,-0.0073809999999999995,-0.0036349999999999998,-0.22,2022-06-24
,30.25,30.67,13.3357,5045784700.0,PENN,29.57,29.0,86.4,27.78,Hotels & Entertainment Services,166802800.0,4842316.0,4487305.0,1.25,0.043102999999999995,0.013884,0.42,2022-06-24
,157.79,158.93,20.9591,218173708360.0,PEP,157.92,156.12,177.62,144.61,Beverages,1382684000.0,5940075.0,5685897.0,1.67,0.010697000000000002,0.0072250000000000005,1.14,2022-06-24
,48.51,48.69,10.8051,272184564960.0,PFE,47.88,47.92,61.71,38.7,Pharmaceuticals,5610896000.0,25747996.0,24199944.0,0.59,0.012312,0.003711,0.18,2022-06-24
,64.96,64.96,10.9811,16414365631.0,PFG,64.82,63.94,80.36,58.66,Insurance,252684200.0,1622374.0,1764100.0,1.02,0.015952,0.0,0.0,2022-06-24
,132.51,132.99,23.3893,317930845470.0,PG,134.44,133.84,165.35,129.5,Personal & Household Products & Services,2399297000.0,12178070.0,7152809.0,-1.33,-0.009937,0.0036220000000000002,0.48,2022-06-24
,112.57,112.57,30.5579,65842192999.0,PGR,113.05,112.41,121.36,89.35,Insurance,584900000.0,2280043.0,3085065.0,0.16,0.001423,0.0,0.0,2022-06-24
,254.79,254.8452,19.5324,32707901880.0,PH,254.93,252.63,340.0,249.52,"Machinery, Equipment & Components",128372000.0,664975.0,643094.0,2.16,0.00855,0.00021669999999999998,0.05522,2022-06-24
,39.43,39.65,4.8881,9369624724.0,PHM,40.22,39.88,58.09,38.6,Homebuilding & Construction Supplies,237626800.0,2793646.0,2853907.0,-0.45,-0.011284,0.005580000000000001,0.22,2022-06-24
,147.23,145.45,15.0103,13795623259.0,PKG,148.46,147.23,168.5,124.78,Containers & Packaging,93701170.0,750563.0,659402.0,0.0,0.0,-0.01209,-1.78,2022-06-24
,140.41,140.41,22.2918,17712510885.0,PKI,140.88,138.14,203.16,134.925,Healthcare Equipment & Supplies,126148500.0,679586.0,711680.0,2.27,0.016433,0.0,0.0,2022-06-24
,115.09,117.05,22.0001,81917950000.0,PLD,111.25,109.87,174.54,106.46,Residential & Commercial REIT,740267000.0,7486875.0,5944259.0,5.22,0.047511,0.01703,1.96,2022-06-24
,98.21,98.5,17.1301,152236303100.0,PM,99.59,98.97,112.48,85.64,Food & Tobacco,1550110000.0,5760577.0,5886327.0,-0.76,-0.007679,0.002953,0.29,2022-06-24
,156.51,157.91,13.1807,64729515357.0,PNC,156.68,155.66,228.1425,152.35,Banking Services,413580700.0,1918205.0,1970358.0,0.85,0.005461000000000001,0.008945,1.4,2022-06-24
,46.03,46.03,14.0093,7613348191.0,PNR,46.06,45.86,80.4,45.2,"Machinery, Equipment & Components",165399700.0,1176667.0,1270835.0,0.17,0.003707,0.0,0.0,2022-06-24
,68.36,68.61,13.7017,7724755196.0,PNW,68.55,68.19,88.34,62.78,Electrical Utilities & IPPs,113001100.0,1367200.0,634389.0,0.17,0.002493,0.003657,0.25,2022-06-24
,353.82,353.82,19.3705,14161617194.0,POOL,351.19,349.44,582.265,337.29,Leisure Products,40024920.0,524925.0,482266.0,4.38,0.012534,0.0,0.0,2022-06-24
,113.62,113.417,25.205,26831147122.0,PPG,113.44,111.51,177.32,109.12,Chemicals,236148100.0,1509743.0,1312015.0,2.11,0.018922,-0.001787,-0.203,2022-06-24
,26.27,26.35,191.0319,19332171810.0,PPL,26.25,26.03,30.715,25.265,Multiline Utilities,735903000.0,9767768.0,5915837.0,0.24,0.00922,0.003045,0.08,2022-06-24
,94.85,95.45,7.6398,35568750000.0,PRU,95.36,94.14,124.22,93.18,Insurance,375000000.0,1833125.0,2078436.0,0.71,0.007542,0.006326000000000001,0.6,2022-06-24
,304.17,304.17,28.9509,53390625513.0,PSA,298.51,297.84,421.76,290.41,Residential & Commercial REIT,175528900.0,819094.0,806676.0,6.33,0.021253,0.0,0.0,2022-06-24
,102.38,102.47,18.1203,49255018000.0,PSX,104.2,104.13,111.28,63.19,Oil & Gas,481100000.0,4747321.0,3730777.0,-1.75,-0.016806,0.0008791000000000001,0.09,2022-06-24
,103.42,103.42,24.696,11684730000.0,PTC,101.24,99.89,153.73,96.55,Software & IT Services,116975900.0,837842.0,702343.0,3.53,0.035339,0.0,0.0,2022-06-24
,63.4,63.5,4.4478,4245298236.0,PVH,62.68,61.64,125.42,60.35,Textiles & Apparel,66960540.0,1751851.0,1637554.0,1.76,0.028553000000000002,0.001577,0.1,2022-06-24
,124.12,124.35,37.478,17837161080.0,PWR,123.8,123.55,140.04,84.4,Construction & Engineering,143709000.0,1631871.0,1906884.0,0.57,0.004614,0.0018529999999999998,0.23,2022-06-24
,258.21,259.75,16.137,62476233389.0,PXD,263.22,264.55,288.46,133.73,Oil & Gas,241959000.0,3480328.0,2409201.0,-6.34,-0.023965,0.0059640000000000006,1.54,2022-06-24
,75.83,76.73,23.9502,87814173200.0,PYPL,73.47,72.46,310.16,71.455,Software & IT Services,1158040000.0,17165614.0,16034771.0,3.37,0.046508,0.011869000000000001,0.9,2022-06-24
,131.03,132.48,13.335,146753600000.0,QCOM,131.67,130.26,193.58,122.165,Semiconductors & Semiconductor Equipment,1120000000.0,7859981.0,9207233.0,0.77,0.005911,0.011066,1.45,2022-06-24
,98.52,98.89,10.452,10445819448.0,QRVO,97.38,96.66,201.46,93.69,Semiconductors & Semiconductor Equipment,106027400.0,1410900.0,1462441.0,1.86,0.019243,0.003756,0.37,2022-06-24
,39.69,40.25,0.0,10068220000.0,RCL,39.92,39.49,98.27,38.8,Hotels & Entertainment Services,254956300.0,8618221.0,4840021.0,0.2,0.005064999999999999,0.014109,0.56,2022-06-24
,275.26,275.26,8.1179,10855692869.0,RE,276.83,272.67,308.2,234.87,Insurance,39437960.0,307034.0,223174.0,2.59,0.009499,0.0,0.0,2022-06-24
,58.26,58.26,20.3487,10041827598.0,REG,57.06,56.6,78.78,55.78,Residential & Commercial REIT,172362300.0,1451445.0,1050812.0,1.66,0.029329,0.0,0.0,2022-06-24
,561.19,561.19,7.7709,61644588978.0,REGN,554.03,548.35,747.4214,516.75,Biotechnology & Medical Research,109846200.0,766678.0,728052.0,12.84,0.023416000000000003,0.0,0.0,2022-06-24
,19.38,19.42,8.0411,18110604186.0,RF,19.55,19.35,25.57,18.02,Banking Services,934499700.0,10165951.0,7059184.0,0.03,0.00155,0.002064,0.04,2022-06-24
,82.34,82.4095,13.8009,9099689824.0,RHI,82.55,81.43,125.77,80.11,Professional & Commercial Services,110513600.0,950165.0,1091904.0,0.91,0.011175,0.0008439000000000001,0.06949,2022-06-24
,87.98,87.64,12.2409,18801640000.0,RJF,87.83,86.78,117.37,81.959,Investment Banking & Investment Services,216658600.0,1307718.0,1368013.0,1.2,0.013828,-0.003865,-0.34,2022-06-24
,95.87,95.87,11.7187,6718126680.0,RL,95.65,94.57,135.99,86.55,Textiles & Apparel,70075380.0,627542.0,1280062.0,1.3,0.013746000000000001,0.0,0.0,2022-06-24
,203.28,203.28,38.0632,29550960000.0,RMD,202.89,202.01,301.34,189.4,Healthcare Equipment & Supplies,146284700.0,703101.0,529626.0,1.27,0.006287,0.0,0.0,2022-06-24
,205.66,205.66,36.4529,23301140000.0,ROK,202.24,200.42,354.99,191.075,"Machinery, Equipment & Components",116261600.0,1881575.0,1100480.0,5.24,0.026145,0.0,0.0,2022-06-24
,32.77,32.77,48.8095,16137937139.0,ROL,33.05,32.78,40.0202,28.505,Professional & Commercial Services,492460700.0,1627997.0,1710183.0,-0.01,-0.0003051,0.0,0.0,2022-06-24
,384.31,384.31,39.2725,40316710000.0,ROP,384.73,380.66,505.0,379.63,Software & IT Services,105912700.0,789015.0,674361.0,3.65,0.009589,0.0,0.0,2022-06-24
,76.0,77.44,16.4559,26594406400.0,ROST,74.75,74.0,127.58,69.75,Specialty Retailers,349926400.0,2616382.0,5629937.0,2.0,0.027027000000000002,0.018947000000000002,1.44,2022-06-24
,123.36,121.54,29.1322,38968301424.0,RSG,123.82,123.06,145.98,106.46,Professional & Commercial Services,315890900.0,1387520.0,1359246.0,0.3,0.002438,-0.014754,-1.82,2022-06-24
,92.28,92.4,32.5847,137240200200.0,RTX,92.1,91.32,106.02,79.0,Aerospace & Defense,1487215000.0,4139228.0,5136534.0,0.96,0.010511999999999999,0.0013,0.12,2022-06-24
,301.39,301.39,74.9453,32031700000.0,SBAC,299.94,297.06,391.15,286.41,Residential & Commercial REIT,107829000.0,864947.0,715381.0,4.33,0.014576,0.0,0.0,2022-06-24
,74.19,75.0,19.3461,85088511000.0,SBUX,73.25,72.31,126.32,68.39,Hotels & Entertainment Services,1146900000.0,7682259.0,11022823.0,1.88,0.025998999999999998,0.010918,0.81,2022-06-24
,61.51,62.1,22.1305,116644550010.0,SCHW,61.88,61.11,96.24,59.35,Investment Banking & Investment Services,1896351000.0,11274398.0,8341536.0,0.4,0.006546,0.009592,0.59,2022-06-24
,58.89,58.89,16.4988,8602910316.0,SEE,59.26,58.58,70.725,53.87,Containers & Packaging,146084400.0,1023093.0,855801.0,0.31,0.005292,0.0,0.0,2022-06-24
,228.99,232.0,33.4221,59567466387.0,SHW,231.72,229.48,354.15,224.4,Chemicals,260131300.0,1580178.0,1681725.0,-0.49,-0.0021349999999999997,0.013145,3.01,2022-06-24
,419.04,420.0,13.7883,24660994276.0,SIVB,410.6,406.39,763.22,399.61,Banking Services,58851170.0,699464.0,620610.0,12.65,0.031128,0.002291,0.96,2022-06-24
,125.17,123.79,23.6117,13596340000.0,SJM,125.78,125.36,146.74,118.55,Food & Tobacco,108458400.0,932704.0,1189346.0,-0.19,-0.0015160000000000002,-0.011025,-1.38,2022-06-24
,41.52,41.79,29.5626,58686900720.0,SLB,43.59,43.22,49.83,25.895,Oil & Gas Related Equipment and Services,1413461000.0,15091782.0,12636160.0,-1.7,-0.039334,0.006503,0.27,2022-06-24
,203.84,203.84,13.3227,10972140000.0,SNA,206.26,205.57,235.95,197.75,"Machinery, Equipment & Components",53374250.0,307133.0,283998.0,-1.73,-0.008416,0.0,0.0,2022-06-24
,303.24,303.2,45.9461,46386683448.0,SNPS,297.8,295.16,377.6,255.02,Software & IT Services,152970200.0,903336.0,990407.0,8.08,0.027374999999999997,-0.0001319,-0.04,2022-06-24
,66.57,66.75,31.164,70732289250.0,SO,66.96,66.78,77.235,60.115,Electrical Utilities & IPPs,1062525000.0,6543352.0,5015958.0,-0.21,-0.0031450000000000002,0.002704,0.18,2022-06-24
,97.5,98.26,14.2368,32042263500.0,SPG,97.52,96.51,171.12,95.46,Residential & Commercial REIT,328638600.0,2598141.0,2395309.0,0.99,0.010258,0.007795,0.76,2022-06-24
,321.34,318.95,22.9099,107894500000.0,SPGI,319.94,317.43,484.21,311.87,Professional & Commercial Services,339900000.0,2489633.0,2987246.0,3.91,0.012318,-0.007438,-2.39,2022-06-24
,144.74,144.9,45.7729,45492462278.0,SRE,146.03,144.82,173.28,119.56,Multiline Utilities,314304700.0,1404984.0,1487657.0,-0.08,-0.0005524,0.001105,0.16,2022-06-24
,202.28,203.0,85.062,20244182400.0,STE,205.31,203.67,255.9325,196.72,Healthcare Equipment & Supplies,100080000.0,736078.0,509593.0,-1.39,-0.006825,0.003559,0.72,2022-06-24
,63.94,63.94,8.4232,23473345888.0,STT,63.15,62.18,104.87,61.84,Investment Banking & Investment Services,367115200.0,3224304.0,3018827.0,1.76,0.028304999999999997,0.0,0.0,2022-06-24
,76.24,76.5,9.3015,16379706559.0,STX,75.88,75.63,117.67,74.88,"Computers, Phones & Household Electronics",214844000.0,1815693.0,1808005.0,0.61,0.008066,0.0034100000000000003,0.26,2022-06-24
,230.58,231.0,0.0,43892820000.0,STZ,233.4,231.5,261.525,207.35,Beverages,184238900.0,1102486.0,1021408.0,-0.92,-0.003974,0.0018210000000000001,0.42,2022-06-24
,106.56,108.0,13.2985,16086787776.0,SWK,107.54,106.77,210.92,104.99,"Machinery, Equipment & Components",150964600.0,1668812.0,1814747.0,-0.21,-0.001967,0.013514,1.44,2022-06-24
,94.62,95.6,11.2621,15226827582.0,SWKS,94.01,92.76,197.62,91.83,Semiconductors & Semiconductor Equipment,160926100.0,1861562.0,2013523.0,1.86,0.020052,0.010357,0.98,2022-06-24
,30.47,30.78,4.0064,15280363736.0,SYF,30.03,29.51,52.49,29.075,Banking Services,501488800.0,9024681.0,6240583.0,0.96,0.032531,0.010174,0.31,2022-06-24
,202.51,202.51,38.0705,76579986791.0,SYK,203.58,200.58,281.16,198.29,Healthcare Equipment & Supplies,378154100.0,1651915.0,1196178.0,1.93,0.009622,0.0,0.0,2022-06-24
,80.78,81.42,41.2565,41155455124.0,SYY,80.82,80.14,91.5296,68.05,Food & Drug Retailing,509475800.0,1662951.0,2280091.0,0.64,0.007986,0.007923,0.64,2022-06-24
,19.44,19.48,8.2063,139242500000.0,T,19.6,19.45,22.1527,16.6202,Telecommunications Services,7159000000.0,38941850.0,38861064.0,-0.01,-0.0005141,0.002058,0.04,2022-06-24
,51.82,51.5,10.4178,11162810000.0,TAP,51.83,51.36,59.98,42.46,Beverages,216896000.0,1386128.0,1452097.0,0.46,0.008955999999999999,-0.006175000000000001,-0.32,2022-06-24
,547.79,547.79,36.7148,29912396146.0,TDG,536.2,527.65,688.03,522.13,Aerospace & Defense,54605590.0,381212.0,390966.0,20.14,0.038169,0.0,0.0,2022-06-24
,372.67,372.67,30.0763,17456924909.0,TDY,368.09,364.83,493.97,361.26,Electronic Equipment & Parts,46842850.0,320740.0,338453.0,7.84,0.021488999999999998,0.0,0.0,2022-06-24
,330.66,330.66,59.1377,12972952416.0,TECH,328.23,324.18,543.85,318.07,Biotechnology & Medical Research,39233510.0,298659.0,238852.0,6.48,0.019989,0.0,0.0,2022-06-24
,120.6,120.6,15.6604,38854160280.0,TEL,119.47,118.39,166.44,117.48,"Machinery, Equipment & Components",322173800.0,1068543.0,1468222.0,2.21,0.018667,0.0,0.0,2022-06-24
,92.44,93.99,16.9942,14564060000.0,TER,92.38,90.91,168.91,89.68,Semiconductors & Semiconductor Equipment,160203000.0,1755954.0,1591721.0,1.53,0.01683,0.016768,1.55,2022-06-24
,46.58,46.87,10.3206,62017264120.0,TFC,46.78,46.24,68.95,44.75,Banking Services,1331414000.0,7076019.0,7427788.0,0.34,0.007352999999999999,0.006226000000000001,0.29,2022-06-24
,257.22,257.22,24.5619,11842730000.0,TFX,255.52,252.51,428.355,250.8901,Healthcare Equipment & Supplies,46900060.0,266259.0,344127.0,4.71,0.018653,0.0,0.0,2022-06-24
,147.44,148.75,11.829,68367397216.0,TGT,142.52,142.7,268.98,141.29,Diversified Retail,463696400.0,6353121.0,9526752.0,4.74,0.033216999999999997,0.008884999999999999,1.31,2022-06-24
,57.63,57.86,20.7744,67521382680.0,TJX,57.55,57.33,77.35,53.69,Diversified Retail,1171636000.0,7151859.0,8382622.0,0.3,0.005233,0.003991,0.23,2022-06-24
,514.76,516.99,26.4247,201508979120.0,TMO,514.79,507.45,672.34,465.93,Healthcare Equipment & Supplies,391462000.0,1320526.0,1367558.0,7.31,0.014405,0.004332,2.23,2022-06-24
,126.52,126.92,55.8777,158603574200.0,TMUS,126.31,124.9,150.2,101.51,Telecommunications Services,1253585000.0,5409741.0,4119046.0,1.62,0.012969999999999999,0.003162,0.4,2022-06-24
,32.7,32.09,10.2044,8233938480.0,TPR,32.64,31.6,47.0498,26.39,Specialty Retailers,251802400.0,5095269.0,4846496.0,1.1,0.03481,-0.018654,-0.61,2022-06-24
,59.79,59.55,30.7587,14956020075.0,TRMB,59.76,59.16,96.4874,58.52,Software & IT Services,250142500.0,1780064.0,1219251.0,0.63,0.010648999999999999,-0.004014,-0.24,2022-06-24
,110.07,110.92,8.7096,25018536762.0,TROW,108.96,107.68,224.555,106.61,Investment Banking & Investment Services,227296600.0,1991370.0,1713679.0,2.39,0.022195,0.007722,0.85,2022-06-24
,165.54,165.54,10.5152,39723143940.0,TRV,167.5,166.31,187.98,144.44,Insurance,239961000.0,1374646.0,1196589.0,-0.77,-0.0046300000000000004,0.0,0.0,2022-06-24
,196.13,193.82,22.0551,21943338208.0,TSCO,192.03,192.17,241.54,166.49,Specialty Retailers,111881600.0,1042260.0,1333897.0,3.96,0.020607,-0.011778,-2.31,2022-06-24
,699.0,706.145,89.5684,724170990000.0,TSLA,662.75,662.67,1243.49,593.5,Automobiles & Auto Parts,1036010000.0,39710645.0,31767082.0,36.33,0.054824000000000005,0.010222,7.145,2022-06-24
,84.11,84.33,7.6059,30409911623.0,TSN,84.35,83.92,100.72,69.88,Food & Tobacco,361549300.0,1979031.0,2164722.0,0.19,0.002264,0.002616,0.22,2022-06-24
,127.82,127.81,20.6875,29892036328.0,TT,127.79,126.68,207.06,125.52,"Machinery, Equipment & Components",233860400.0,1084554.0,1232880.0,1.14,0.008999,-7.824e-05,-0.01,2022-06-24
,126.16,123.52,33.9388,20453046584.0,TTWO,122.15,121.41,195.825,101.85,Leisure Products,162119900.0,2361059.0,4274276.0,4.75,0.039124,-0.020926,-2.64,2022-06-24
,37.99,39.99,153.7381,29031224793.0,TWTR,37.5,37.22,73.34,31.3,Software & IT Services,764180700.0,14717735.0,24711351.0,0.77,0.020687999999999998,0.052645,2.0,2022-06-24
,155.92,156.98,17.6185,143779117688.0,TXN,155.72,154.08,202.26,153.035,Semiconductors & Semiconductor Equipment,922133900.0,5442107.0,5654492.0,1.84,0.011942,0.006797999999999999,1.06,2022-06-24
,61.34,61.86,17.545,12945870000.0,TXT,61.14,60.19,79.45,59.375,Aerospace & Defense,215083300.0,1369499.0,1281701.0,1.15,0.019106,0.008477,0.52,2022-06-24
,318.27,319.0,80.0256,13199831316.0,TYL,315.96,310.58,557.55,308.37,Software & IT Services,41473690.0,253341.0,342162.0,7.69,0.02476,0.002294,0.73,2022-06-24
,8.79,8.93,18.4255,4303566000.0,UA,8.79,8.66,22.995,8.0948,Textiles & Apparel,476336200.0,7263847.0,6143737.0,0.13,0.015012000000000001,0.015927,0.14,2022-06-24
,9.56,9.5601,9.9861,4303566000.0,UAA,9.58,9.46,27.28,8.965,Textiles & Apparel,476336200.0,7617151.0,9547994.0,0.1,0.010570999999999999,1.046e-05,0.0001,2022-06-24
,37.89,38.6,8.7719,12379837590.0,UAL,37.53,36.99,56.41,30.54,Passenger Transportation Services,326731000.0,16355298.0,12493147.0,0.9,0.024331000000000002,0.018737999999999998,0.71,2022-06-24
,42.94,42.94,84.055,13474740000.0,UDR,42.67,42.32,61.06,42.01,Residential & Commercial REIT,318401100.0,3047531.0,2133665.0,0.62,0.014650000000000002,0.0,0.0,2022-06-24
,105.44,109.22,9.1921,7844585220.0,UHS,105.61,104.87,165.0,103.68,Healthcare Providers & Services,74398570.0,1293744.0,741068.0,0.57,0.005435,0.03585,3.78,2022-06-24
,405.61,407.01,19.4315,21017927372.0,ULTA,399.71,392.67,438.6328,319.05,Specialty Retailers,51818070.0,964093.0,1061232.0,12.94,0.032954,0.003452,1.4,2022-06-24
,464.33,467.4,25.2756,435621219028.0,UNH,464.2,461.75,553.29,383.12,Healthcare Providers & Services,938171600.0,2550650.0,2956287.0,2.58,0.005587,0.006612,3.07,2022-06-24
,209.84,211.94,19.791,130937000000.0,UNP,211.15,208.49,278.94,195.675,Freight & Logistics Services,628025100.0,2236086.0,2881117.0,1.35,0.006475,0.010008,2.1,2022-06-24
,175.88,176.44,14.2028,152175100000.0,UPS,175.1,174.16,233.72,165.34,Freight & Logistics Services,873766400.0,3465108.0,3660671.0,1.72,0.009876000000000001,0.003184,0.56,2022-06-24
,265.96,269.88,12.2285,19045797199.0,URI,263.14,260.12,414.99,257.97,Professional & Commercial Services,71611510.0,781463.0,758353.0,5.84,0.022451,0.014739,3.92,2022-06-24
,46.36,46.46,9.8471,68878906400.0,USB,46.34,45.72,63.57,45.69,Banking Services,1485740000.0,11557116.0,7389433.0,0.64,0.013998,0.002157,0.1,2022-06-24
,196.16,196.67,32.7868,408633842560.0,V,195.98,193.52,252.67,186.67,Software & IT Services,2083166000.0,6490000.0,6931814.0,2.64,0.013642000000000001,0.0026,0.51,2022-06-24
,46.7,46.8,14.6541,18142001990.0,VFC,45.97,45.42,84.96,44.17,Textiles & Apparel,388479700.0,2331113.0,3589472.0,1.28,0.028180999999999998,0.002141,0.1,2022-06-24
,128.3,129.7,21.5363,52358768120.0,VLO,133.89,133.75,146.805,58.85,Oil & Gas,408096400.0,8490716.0,5027005.0,-5.45,-0.040748,0.010912,1.4,2022-06-24
,151.45,151.36,33.283,20127099200.0,VMC,152.82,151.04,213.65,148.99,Construction Materials,132896000.0,758125.0,737346.0,0.41,0.0027150000000000004,-0.0005943,-0.09,2022-06-24
,29.45,30.44,44.9313,5646846075.0,VNO,29.26,28.96,50.31,28.53,Residential & Commercial REIT,191743500.0,1742639.0,1502038.0,0.49,0.01692,0.033616,0.99,2022-06-24
,160.19,159.88,25.5943,25294321380.0,VRSK,160.01,158.23,231.57,157.3,Software & IT Services,157902000.0,815384.0,938408.0,1.96,0.012386999999999999,-0.001935,-0.31,2022-06-24
,163.88,163.72,22.6568,17952201824.0,VRSN,163.79,161.18,257.03,159.69,Software & IT Services,109544800.0,647486.0,807707.0,2.7,0.016751000000000002,-0.0009762999999999999,-0.16,2022-06-24
,253.51,253.59,26.2503,64836703560.0,VRTX,250.8,249.08,292.75,176.36,Biotechnology & Medical Research,255756000.0,963197.0,1589335.0,4.43,0.017785,0.0003156,0.08,2022-06-24
,50.24,50.24,127.6355,20080701920.0,VTR,48.76,48.43,64.02,45.44,Residential & Commercial REIT,399695500.0,1994049.0,2001945.0,1.81,0.037374,0.0,0.0,2022-06-24
,10.7,10.65,75.4,12511210000.0,VTRS,10.4,10.32,15.68,9.66,Pharmaceuticals,1212327000.0,12150049.0,11381601.0,0.38,0.036822,-0.004673,-0.05,2022-06-24
,49.15,49.36,9.5632,206412502600.0,VZ,49.23,49.16,57.445,45.5489,Telecommunications Services,4199644000.0,22005586.0,18939059.0,-0.01,-0.0002034,0.004273,0.21,2022-06-24
,88.0,87.5,27.3284,16072997600.0,WAB,87.4,86.32,100.045,76.3,"Machinery, Equipment & Components",182647700.0,868499.0,828506.0,1.68,0.019462,-0.005682,-0.5,2022-06-24
,324.26,324.26,28.0996,19531911348.0,WAT,326.2,321.49,428.22,288.32,Healthcare Equipment & Supplies,60235340.0,439536.0,393816.0,2.77,0.008616,0.0,0.0,2022-06-24
,40.73,40.73,5.8821,35181490582.0,WBA,40.525,40.2,55.0,39.715,Food & Drug Retailing,863773400.0,6439129.0,6262322.0,0.53,0.013184,0.0,0.0,2022-06-24
,49.95,50.51,8.4991,15642731610.0,WDC,49.473,49.24,75.72,43.85,"Computers, Phones & Household Electronics",313167800.0,4543486.0,3497860.0,0.71,0.014419,0.011211,0.56,2022-06-24
,91.88,92.35,21.4671,28982121860.0,WEC,92.67,92.05,108.39,86.84,Electrical Utilities & IPPs,315434500.0,1720735.0,1486610.0,-0.17,-0.0018470000000000001,0.005115,0.47,2022-06-24
,78.45,77.93,271.5067,35613773910.0,WELL,78.21,77.45,99.43,76.78,Residential & Commercial REIT,453967800.0,3573237.0,2415991.0,1.0,0.012912,-0.006627999999999999,-0.52,2022-06-24
,38.17,38.35,7.7817,144677735840.0,WFC,38.0,37.43,60.3,37.01,Banking Services,3790352000.0,31358082.0,23418756.0,0.74,0.01977,0.004716000000000001,0.18,2022-06-24
,155.52,156.2,5.8462,8740591027.0,WHR,156.83,155.36,245.44,153.01,Household Goods,56202360.0,1125283.0,965541.0,0.16,0.0010299999999999999,0.004372,0.68,2022-06-24
,145.41,143.7,32.1186,60368386518.0,WM,146.48,145.62,170.18,136.97,Professional & Commercial Services,415159800.0,1291864.0,1719881.0,-0.21,-0.001442,-0.01176,-1.71,2022-06-24
,31.75,32.08,26.8689,38671881000.0,WMB,32.43,32.34,37.97,23.53,Oil & Gas Related Equipment and Services,1218012000.0,10122629.0,8210089.0,-0.59,-0.018244,0.010394,0.33,2022-06-24
,119.38,120.49,25.6658,327238487000.0,WMT,119.97,119.46,160.77,117.27,Food & Drug Retailing,2741150000.0,8637951.0,12326187.0,-0.08,-0.0006697000000000001,0.009297999999999999,1.11,2022-06-24
,67.01,68.34,16.6465,17770609734.0,WRB,67.32,66.74,72.315,46.5269,Insurance,265193400.0,1311735.0,1459866.0,0.27,0.004046,0.019847999999999998,1.33,2022-06-24
,43.4,43.14,14.4194,11060576800.0,WRK,43.39,42.77,56.7,40.78,Containers & Packaging,254852000.0,2008774.0,2438944.0,0.63,0.01473,-0.005991,-0.26,2022-06-24
,289.89,289.89,31.3475,21473781481.0,WST,284.93,280.61,475.35,275.89,Healthcare Equipment & Supplies,74075620.0,635928.0,416910.0,9.28,0.033071,0.0,0.0,2022-06-24
,16.1,16.21,7.1327,6354120000.0,WU,16.3,16.225,24.62,15.69,Professional & Commercial Services,386034000.0,3599602.0,3525073.0,-0.125,-0.007704,0.006832,0.11,2022-06-24
,34.51,34.6,9.5799,25692625980.0,WY,34.67,34.42,42.86,31.0756,Residential & Commercial REIT,744498000.0,6357506.0,4938552.0,0.09,0.002615,0.0026079999999999996,0.09,2022-06-24
,59.34,60.4,69.5832,6727127000.0,WYNN,58.58,58.01,129.32,56.36,Hotels & Entertainment Services,115965000.0,3395066.0,3411465.0,1.33,0.022927,0.017863,1.06,2022-06-24
,65.85,66.05,22.0761,35865419805.0,XEL,66.47,65.88,76.63,61.155,Electrical Utilities & IPPs,544653300.0,3128951.0,3154887.0,-0.03,-0.00045539999999999996,0.003037,0.2,2022-06-24
,4070.0,,,48414620000.0,XLNX*,4205.26,4070.0,5000.0,2488.57,Semiconductors & Semiconductor Equipment,248382000.0,27.0,,0.0,0.0,,,2022-06-24
,94.89,95.43,15.957,399728205270.0,XOM,95.99,96.1,105.57,52.1,Oil & Gas,4212543000.0,29620780.0,28209896.0,-1.21,-0.012591000000000001,0.005691000000000001,0.54,2022-06-24
,35.36,36.0,21.178,7618368576.0,XRAY,35.96,35.59,66.98,34.81,Healthcare Equipment & Supplies,215451600.0,4212776.0,2609244.0,-0.23,-0.006462,0.0181,0.64,2022-06-24
,76.45,76.45,32.8798,13768086915.0,XYL,77.36,76.5,138.78,75.1,"Machinery, Equipment & Components",180092700.0,815133.0,976235.0,-0.05,-0.0006536000000000001,0.0,0.0,2022-06-24
,111.9,111.9,20.0181,31909829220.0,YUM,111.2,110.23,139.85,108.545,Hotels & Entertainment Services,285163800.0,1200539.0,1536338.0,1.67,0.015149999999999999,0.0,0.0,2022-06-24
,106.97,106.97,73.2578,22418483781.0,ZBH,106.01,105.27,162.5829,104.57,Healthcare Equipment & Supplies,209577300.0,1286511.0,1183073.0,1.7,0.016149,0.0,0.0,2022-06-24
,308.36,309.86,19.867,16193164618.0,ZBRA,304.45,300.74,615.0,290.4486,Electronic Equipment & Parts,52513830.0,436948.0,547483.0,7.62,0.025338,0.004864,1.5,2022-06-24
,53.12,53.12,8.4365,8040174144.0,ZION,52.24,51.82,75.44,47.061,Banking Services,151358700.0,2872791.0,1357526.0,1.3,0.025087,0.0,0.0,2022-06-24
,158.07,158.0,36.2104,74392278609.0,ZTS,159.14,157.8,249.27,154.33,Pharmaceuticals,470628700.0,1758065.0,2096360.0,0.27,0.001711,-0.0004428,-0.07,2022-06-24
,132.01,,,,FXAIX,,130.11,,,,,,,1.9,0.014603,,,2022-06-24
